Unity Editor version:    2022.3.62f1 (4af31df58517)
Branch:                  2022.3/staging
Build type:              Release
Batch mode:              YES
System name:             Linux
Distro version:          #1 SMP PREEMPT_DYNAMIC Thu, 17 Jul 2025 21:05:29 +0000
Kernel version:          6.15.7-arch1-1
Architecture:            x86_64
Window Protocol:         Wayland (XWayland)
Available memory:        19691 MB
Using pre-set license
Pro License: YES

(Unity:4645): Gtk-CRITICAL **: 22:12:44.971: gtk_window_set_default_icon: assertion 'GDK_IS_PIXBUF (icon)' failed

(Unity:4645): GLib-GObject-CRITICAL **: 22:12:44.971: g_object_unref: assertion 'G_IS_OBJECT (object)' failed

(Unity:4645): Gtk-WARNING **: 22:12:44.980: Theme parsing error: gtk.css:6754:15: Junk at end of value for padding
Desktop is 1920 x 1080 @ 60 Hz
Initialize udev device monitor.

COMMAND LINE ARGUMENTS:
Unity
-adb2
-batchMode
-noUpm
-name
AssetImportWorker0
-projectPath
/home/leetuws/Shared/Projects/Basketball-Unity3D
-logFile
Logs/AssetImportWorker0.log
-srvPort
44513
Successfully changed project path to: /home/leetuws/Shared/Projects/Basketball-Unity3D
/home/leetuws/Shared/Projects/Basketball-Unity3D
[UnityMemory] Configuration Parameters - Can be set up in boot.config
    "memorysetup-bucket-allocator-granularity=16"
    "memorysetup-bucket-allocator-bucket-count=8"
    "memorysetup-bucket-allocator-block-size=33554432"
    "memorysetup-bucket-allocator-block-count=8"
    "memorysetup-main-allocator-block-size=16777216"
    "memorysetup-thread-allocator-block-size=16777216"
    "memorysetup-gfx-main-allocator-block-size=16777216"
    "memorysetup-gfx-thread-allocator-block-size=16777216"
    "memorysetup-cache-allocator-block-size=4194304"
    "memorysetup-typetree-allocator-block-size=2097152"
    "memorysetup-profiler-bucket-allocator-granularity=16"
    "memorysetup-profiler-bucket-allocator-bucket-count=8"
    "memorysetup-profiler-bucket-allocator-block-size=33554432"
    "memorysetup-profiler-bucket-allocator-block-count=8"
    "memorysetup-profiler-allocator-block-size=16777216"
    "memorysetup-profiler-editor-allocator-block-size=1048576"
    "memorysetup-temp-allocator-size-main=16777216"
    "memorysetup-job-temp-allocator-block-size=2097152"
    "memorysetup-job-temp-allocator-block-size-background=1048576"
    "memorysetup-job-temp-allocator-reduction-small-platforms=262144"
    "memorysetup-allocator-temp-initial-block-size-main=262144"
    "memorysetup-allocator-temp-initial-block-size-worker=262144"
    "memorysetup-temp-allocator-size-background-worker=32768"
    "memorysetup-temp-allocator-size-job-worker=262144"
    "memorysetup-temp-allocator-size-preload-manager=33554432"
    "memorysetup-temp-allocator-size-nav-mesh-worker=65536"
    "memorysetup-temp-allocator-size-audio-worker=65536"
    "memorysetup-temp-allocator-size-cloud-worker=32768"
    "memorysetup-temp-allocator-size-gi-baking-worker=262144"
    "memorysetup-temp-allocator-size-gfx=262144"
Player connection [139827569021760]  Target information:

Player connection [139827569021760]  * "[IP] 192.168.1.143 [Port] 0 [Flags] 2 [Guid] 2265319085 [EditorId] 2265319085 [Version] 1048832 [Id] LinuxEditor(16,192.168.1.143) [Debug] 1 [PackageName] LinuxEditor [ProjectName] Editor" 

Player connection [139827569021760] Host joined multi-casting on [225.0.0.222:54997]...
Player connection [139827569021760] Host joined alternative multi-casting on [225.0.0.222:34997]...
Input System module state changed to: Initialized.
[PhysX] Initialized MultithreadedTaskDispatcher with 8 workers.
Refreshing native plugins compatible for Editor in 66,46 ms, found 0 plugins.
Preloading 0 native plugins for Editor in 0,00 ms.
Initialize engine version: 2022.3.62f1 (4af31df58517)
[Subsystems] Discovering subsystems at path /home/leetuws/Unity/Hub/Editor/2022.3.62f1/Editor/Data/Resources/UnitySubsystems
[Subsystems] Discovering subsystems at path /home/leetuws/Shared/Projects/Basketball-Unity3D/Assets
GLX Extensions: GLX_ARB_context_flush_control GLX_ARB_create_context GLX_ARB_create_context_no_error GLX_ARB_create_context_profile GLX_ARB_create_context_robustness GLX_ARB_fbconfig_float GLX_ARB_framebuffer_sRGB GLX_ARB_get_proc_address GLX_ARB_multisample GLX_EXT_buffer_age GLX_EXT_create_context_es2_profile GLX_EXT_create_context_es_profile GLX_EXT_fbconfig_packed_float GLX_EXT_framebuffer_sRGB GLX_EXT_no_config_context GLX_EXT_swap_control GLX_EXT_swap_control_tear GLX_EXT_texture_from_pixmap GLX_EXT_visual_info GLX_EXT_visual_rating GLX_MESA_copy_sub_buffer GLX_MESA_gl_interop GLX_MESA_query_renderer GLX_MESA_swap_control GLX_OML_sync_control GLX_SGIS_multisample GLX_SGIX_fbconfig GLX_SGIX_pbuffer GLX_SGIX_visual_select_group GLX_SGI_make_current_read GLX_SGI_video_sync 
Renderer: Mesa Intel(R) Iris(R) Xe Graphics (TGL GT2)
Vendor:   Intel
Version:  4.6 (Core Profile) Mesa 25.1.6-arch1.1
GLES:     0
 GL_3DFX_texture_compression_FXT1 GL_AMD_conservative_depth GL_AMD_depth_clamp_separate GL_AMD_draw_buffers_blend GL_AMD_gpu_shader_int64 GL_AMD_multi_draw_indirect GL_AMD_performance_monitor GL_AMD_pinned_memory GL_AMD_query_buffer_object GL_AMD_seamless_cubemap_per_texture GL_AMD_shader_stencil_export GL_AMD_shader_trinary_minmax GL_AMD_texture_texture4 GL_AMD_vertex_shader_layer GL_AMD_vertex_shader_viewport_index GL_ANGLE_texture_compression_dxt3 GL_ANGLE_texture_compression_dxt5 GL_ARB_ES2_compatibility GL_ARB_ES3_1_compatibility GL_ARB_ES3_2_compatibility GL_ARB_ES3_compatibility GL_ARB_arrays_of_arrays GL_ARB_base_instance GL_ARB_blend_func_extended GL_ARB_buffer_storage GL_ARB_clear_buffer_object GL_ARB_clear_texture GL_ARB_clip_control GL_ARB_compressed_texture_pixel_storage GL_ARB_compute_shader GL_ARB_compute_variable_group_size GL_ARB_conditional_render_inverted GL_ARB_conservative_depth GL_ARB_copy_buffer GL_ARB_copy_image GL_ARB_cull_distance GL_ARB_debug_output GL_ARB_depth_buffer_float GL_ARB
_depth_clamp GL_ARB_derivative_control GL_ARB_direct_state_access GL_ARB_draw_buffers GL_ARB_draw_buffers_blend GL_ARB_draw_elements_base_vertex GL_ARB_draw_indirect GL_ARB_draw_instanced GL_ARB_enhanced_layouts GL_ARB_explicit_attrib_location GL_ARB_explicit_uniform_location GL_ARB_fragment_coord_conventions GL_ARB_fragment_layer_viewport GL_ARB_fragment_shader GL_ARB_fragment_shader_interlock GL_ARB_framebuffer_no_attachments GL_ARB_framebuffer_object GL_ARB_framebuffer_sRGB GL_ARB_get_program_binary GL_ARB_get_texture_sub_image GL_ARB_gl_spirv GL_ARB_gpu_shader5 GL_ARB_gpu_shader_fp64 GL_ARB_gpu_shader_int64 GL_ARB_half_float_pixel GL_ARB_half_float_vertex GL_ARB_indirect_parameters GL_ARB_instanced_arrays GL_ARB_internalformat_query GL_ARB_internalformat_query2 GL_ARB_invalidate_subdata GL_ARB_map_buffer_alignment GL_ARB_map_buffer_range GL_ARB_multi_bind GL_ARB_multi_draw_indirect GL_ARB_occlusion_query2 GL_ARB_parallel_shader_compile GL_ARB_pipeline_statistics_query GL_ARB_pixel_buffer_object GL_ARB_po
int_sprite GL_ARB_polygon_offset_clamp GL_ARB_post_depth_coverage GL_ARB_program_interface_query GL_ARB_provoking_vertex GL_ARB_query_buffer_object GL_ARB_robust_buffer_access_behavior GL_ARB_robustness GL_ARB_sample_shading GL_ARB_sampler_objects GL_ARB_seamless_cube_map GL_ARB_seamless_cubemap_per_texture GL_ARB_separate_shader_objects GL_ARB_shader_atomic_counter_ops GL_ARB_shader_atomic_counters GL_ARB_shader_ballot GL_ARB_shader_bit_encoding GL_ARB_shader_clock GL_ARB_shader_draw_parameters GL_ARB_shader_group_vote GL_ARB_shader_image_load_store GL_ARB_shader_image_size GL_ARB_shader_objects GL_ARB_shader_precision GL_ARB_shader_stencil_export GL_ARB_shader_storage_buffer_object GL_ARB_shader_subroutine GL_ARB_shader_texture_image_samples GL_ARB_shader_texture_lod GL_ARB_shader_viewport_layer_array GL_ARB_shading_language_420pack GL_ARB_shading_language_include GL_ARB_shading_language_packing GL_ARB_spirv_extensions GL_ARB_stencil_texturing GL_ARB_sync GL_ARB_tessellation_shader GL_ARB_texture_barrier G
L_ARB_texture_border_clamp GL_ARB_texture_buffer_object GL_ARB_texture_buffer_object_rgb32 GL_ARB_texture_buffer_range GL_ARB_texture_compression_bptc GL_ARB_texture_compression_rgtc GL_ARB_texture_cube_map_array GL_ARB_texture_filter_anisotropic GL_ARB_texture_float GL_ARB_texture_gather GL_ARB_texture_mirror_clamp_to_edge GL_ARB_texture_multisample GL_ARB_texture_non_power_of_two GL_ARB_texture_query_levels GL_ARB_texture_query_lod GL_ARB_texture_rectangle GL_ARB_texture_rg GL_ARB_texture_rgb10_a2ui GL_ARB_texture_stencil8 GL_ARB_texture_storage GL_ARB_texture_storage_multisample GL_ARB_texture_swizzle GL_ARB_texture_view GL_ARB_timer_query GL_ARB_transform_feedback2 GL_ARB_transform_feedback3 GL_ARB_transform_feedback_instanced GL_ARB_transform_feedback_overflow_query GL_ARB_uniform_buffer_object GL_ARB_vertex_array_bgra GL_ARB_vertex_array_object GL_ARB_vertex_attrib_64bit GL_ARB_vertex_attrib_binding GL_ARB_vertex_buffer_object GL_ARB_vertex_shader GL_ARB_vertex_type_10f_11f_11f_rev GL_ARB_vertex_type_2
_10_10_10_rev GL_ARB_viewport_array GL_ATI_blend_equation_separate GL_ATI_texture_float GL_EXT_EGL_image_storage GL_EXT_EGL_image_storage_compression GL_EXT_EGL_sync GL_EXT_abgr GL_EXT_blend_equation_separate GL_EXT_debug_label GL_EXT_demote_to_helper_invocation GL_EXT_depth_bounds_test GL_EXT_draw_buffers2 GL_EXT_draw_instanced GL_EXT_framebuffer_blit GL_EXT_framebuffer_multisample GL_EXT_framebuffer_multisample_blit_scaled GL_EXT_framebuffer_object GL_EXT_framebuffer_sRGB GL_EXT_memory_object GL_EXT_memory_object_fd GL_EXT_packed_depth_stencil GL_EXT_packed_float GL_EXT_pixel_buffer_object GL_EXT_polygon_offset_clamp GL_EXT_provoking_vertex GL_EXT_semaphore GL_EXT_semaphore_fd GL_EXT_shader_framebuffer_fetch GL_EXT_shader_framebuffer_fetch_non_coherent GL_EXT_shader_integer_mix GL_EXT_shader_samples_identical GL_EXT_texture_array GL_EXT_texture_compression_dxt1 GL_EXT_texture_compression_rgtc GL_EXT_texture_compression_s3tc GL_EXT_texture_filter_anisotropic GL_EXT_texture_integer GL_EXT_texture_sRGB GL_EXT
_texture_sRGB_R8 GL_EXT_texture_sRGB_decode GL_EXT_texture_shadow_lod GL_EXT_texture_shared_exponent GL_EXT_texture_snorm GL_EXT_texture_storage GL_EXT_texture_swizzle GL_EXT_timer_query GL_EXT_transform_feedback GL_EXT_vertex_array_bgra GL_EXT_vertex_attrib_64bit GL_IBM_multimode_draw_arrays GL_INTEL_blackhole_render GL_INTEL_conservative_rasterization GL_INTEL_performance_query GL_INTEL_shader_atomic_float_minmax GL_INTEL_shader_integer_functions2 GL_KHR_blend_equation_advanced GL_KHR_blend_equation_advanced_coherent GL_KHR_context_flush_control GL_KHR_debug GL_KHR_no_error GL_KHR_parallel_shader_compile GL_KHR_robust_buffer_access_behavior GL_KHR_robustness GL_KHR_texture_compression_astc_ldr GL_KHR_texture_compression_astc_sliced_3d GL_MESA_framebuffer_flip_y GL_MESA_pack_invert GL_MESA_shader_integer_functions GL_MESA_texture_const_bandwidth GL_MESA_texture_signed_rgba GL_NV_alpha_to_coverage_dither_control GL_NV_compute_shader_derivatives GL_NV_conditional_render GL_NV_copy_image GL_NV_depth_clamp GL_N
V_fragment_shader_interlock GL_NV_packed_depth_stencil GL_NV_texture_barrier GL_OES_EGL_image GL_S3_s3tc
OPENGL LOG: Creating OpenGL 4.6 graphics device ; Context level  <OpenGL 4.5> ; Context handle -983815728
Initialize mono
Mono path[0] = '/home/leetuws/Unity/Hub/Editor/2022.3.62f1/Editor/Data/Managed'
Mono path[1] = '/home/leetuws/Unity/Hub/Editor/2022.3.62f1/Editor/Data/MonoBleedingEdge/lib/mono/unityjit-linux'
Mono config path = '/home/leetuws/Unity/Hub/Editor/2022.3.62f1/Editor/Data/MonoBleedingEdge/etc'
Using monoOptions --debugger-agent=transport=dt_socket,embedding=1,server=y,suspend=n,address=127.0.0.1:56645
Begin MonoManager ReloadAssembly
Registering precompiled unity dll's ...
Register platform support module: /home/leetuws/Unity/Hub/Editor/2022.3.62f1/Editor/Data/PlaybackEngines/WebGLSupport/UnityEditor.WebGL.Extensions.dll
Register platform support module: /home/leetuws/Unity/Hub/Editor/2022.3.62f1/Editor/Data/PlaybackEngines/AndroidPlayer/UnityEditor.Android.Extensions.dll
Register platform support module: /home/leetuws/Unity/Hub/Editor/2022.3.62f1/Editor/Data/PlaybackEngines/LinuxStandaloneSupport/UnityEditor.LinuxStandalone.Extensions.dll
Registered in 0,012222 seconds.
- Loaded All Assemblies, in  0,397 seconds
Native extension for LinuxStandalone target not found
Native extension for Android target not found
Android Extension - Scanning For ADB Devices 170 ms
Native extension for WebGL target not found
Mono: successfully reloaded assembly
- Finished resetting the current domain, in  0,573 seconds
Domain Reload Profiling: 971ms
	BeginReloadAssembly (82ms)
		ExecutionOrderSort (0ms)
		DisableScriptedObjects (0ms)
		BackupInstance (0ms)
		ReleaseScriptingObjects (0ms)
		CreateAndSetChildDomain (1ms)
	RebuildCommonClasses (40ms)
	RebuildNativeTypeToScriptingClass (8ms)
	initialDomainReloadingComplete (82ms)
	LoadAllAssembliesAndSetupDomain (186ms)
		LoadAssemblies (82ms)
		RebuildTransferFunctionScriptingTraits (0ms)
		AnalyzeDomain (183ms)
			TypeCache.Refresh (182ms)
				TypeCache.ScanAssembly (163ms)
			ScanForSourceGeneratedMonoScriptInfo (0ms)
			ResolveRequiredComponents (0ms)
	FinalizeReload (574ms)
		ReleaseScriptCaches (0ms)
		RebuildScriptCaches (0ms)
		SetupLoadedEditorAssemblies (519ms)
			LogAssemblyErrors (0ms)
			InitializePlatformSupportModulesInManaged (291ms)
			SetLoadedEditorAssemblies (5ms)
			RefreshPlugins (0ms)
			BeforeProcessingInitializeOnLoad (3ms)
			ProcessInitializeOnLoadAttributes (166ms)
			ProcessInitializeOnLoadMethodAttributes (55ms)
			AfterProcessingInitializeOnLoad (0ms)
			EditorAssembliesLoaded (0ms)
		ExecutionOrderSort2 (0ms)
		AwakeInstancesAfterBackupRestoration (0ms)
========================================================================
Worker process is ready to serve import requests
Caller must complete domain reload
Begin MonoManager ReloadAssembly
- Loaded All Assemblies, in  0,855 seconds
Native extension for LinuxStandalone target not found
Native extension for Android target not found
Native extension for WebGL target not found
Mono: successfully reloaded assembly
Package Manager log level set to [2]
[Package Manager] Server::EnsureServerProcessIsRunning -- launch failed, reason: Unity was launched with the -noUpm command-line argument
[Package Manager] UpmClient::Send -- Unable to send message (not connected to UPM process).
[Package Manager] Cannot connect to Unity Package Manager local server
[Package Manager] Server::EnsureServerProcessIsRunning -- launch failed, reason: Unity was launched with the -noUpm command-line argument
[Package Manager] UpmClient::Send -- Unable to send message (not connected to UPM process).
[Package Manager] Cannot connect to Unity Package Manager local server
- Finished resetting the current domain, in  0,817 seconds
Domain Reload Profiling: 1659ms
	BeginReloadAssembly (151ms)
		ExecutionOrderSort (0ms)
		DisableScriptedObjects (5ms)
		BackupInstance (0ms)
		ReleaseScriptingObjects (0ms)
		CreateAndSetChildDomain (30ms)
	RebuildCommonClasses (53ms)
	RebuildNativeTypeToScriptingClass (12ms)
	initialDomainReloadingComplete (66ms)
	LoadAllAssembliesAndSetupDomain (557ms)
		LoadAssemblies (459ms)
		RebuildTransferFunctionScriptingTraits (0ms)
		AnalyzeDomain (168ms)
			TypeCache.Refresh (143ms)
				TypeCache.ScanAssembly (126ms)
			ScanForSourceGeneratedMonoScriptInfo (19ms)
			ResolveRequiredComponents (6ms)
	FinalizeReload (819ms)
		ReleaseScriptCaches (0ms)
		RebuildScriptCaches (0ms)
		SetupLoadedEditorAssemblies (595ms)
			LogAssemblyErrors (0ms)
			InitializePlatformSupportModulesInManaged (25ms)
			SetLoadedEditorAssemblies (4ms)
			RefreshPlugins (0ms)
			BeforeProcessingInitializeOnLoad (100ms)
			ProcessInitializeOnLoadAttributes (433ms)
			ProcessInitializeOnLoadMethodAttributes (30ms)
			AfterProcessingInitializeOnLoad (3ms)
			EditorAssembliesLoaded (0ms)
		ExecutionOrderSort2 (0ms)
		AwakeInstancesAfterBackupRestoration (5ms)
Launched and connected shader compiler UnityShaderCompiler after 0.01 seconds
Refreshing native plugins compatible for Editor in 45.22 ms, found 0 plugins.
Preloading 0 native plugins for Editor in 0.00 ms.
Unloading 3254 Unused Serialized files (Serialized files now loaded: 0)
Unloading 18 unused Assets / (45.0 KB). Loaded Objects now: 3728.
Memory consumption went from 117.0 MB to 116.9 MB.
Total: 5.661955 ms (FindLiveObjects: 0.419609 ms CreateObjectMapping: 0.406542 ms MarkObjects: 4.713784 ms  DeleteObjects: 0.120536 ms)

AssetImportParameters requested are different than current active one (requested -> active):
  custom:container-demuxer-ogg: 62fdf1f143b41e24485cea50d1cbac27 -> 
  custom:video-decoder-ogg-theora: a1e56fd34408186e4bbccfd4996cb3dc -> 
  custom:CustomObjectIndexerAttribute: 232f87dd983dbecb2a4e21e08eb2cef8 -> 
  custom:container-demuxer-webm: 4f35f7cbe854078d1ac9338744f61a02 -> 
  custom:container-muxer-webm: aa71ff27fc2769a1b78a27578f13a17b -> 
  custom:video-decoder-webm-vp8: 9c59270c3fd7afecdb556c50c9e8de78 -> 
  custom:SearchIndexIgnoredProperties: e643bd26f0fe6173181afceb89e7c659 -> 
  custom:AudioImporter_EditorPlatform: 2f0ff77a95e0ac474e3e8eeba4e2f7cb -> 
  custom:video-encoder-webm-vp8: eb34c28f22e8b96e1ab97ce403110664 -> 
  custom:audio-decoder-ogg-vorbis: bf7c407c2cedff20999df2af8eb42d56 -> 
  custom:audio-encoder-webm-vorbis: bf7c407c2cedff20999df2af8eb42d56 -> 
  custom:scripting/precompiled-assembly-types:Assembly-CSharp: 455fc1bf632b403d753a2be1c64916d0 -> c395747882a88f8d4b13231df41cafc8
  custom:scripting/monoscript/fileName/GameManager.cs:  -> 9933fbcc6190e2a9171c2ec8808a053e
========================================================================
Received Prepare
Caller must complete domain reload
Begin MonoManager ReloadAssembly
- Loaded All Assemblies, in  0.580 seconds
Native extension for LinuxStandalone target not found
Native extension for Android target not found
Native extension for WebGL target not found
Mono: successfully reloaded assembly
[Package Manager] Server::EnsureServerProcessIsRunning -- launch failed, reason: Unity was launched with the -noUpm command-line argument
[Package Manager] UpmClient::Send -- Unable to send message (not connected to UPM process).
[Package Manager] Cannot connect to Unity Package Manager local server
- Finished resetting the current domain, in  1.361 seconds
Domain Reload Profiling: 1929ms
	BeginReloadAssembly (152ms)
		ExecutionOrderSort (0ms)
		DisableScriptedObjects (5ms)
		BackupInstance (0ms)
		ReleaseScriptingObjects (0ms)
		CreateAndSetChildDomain (38ms)
	RebuildCommonClasses (49ms)
	RebuildNativeTypeToScriptingClass (12ms)
	initialDomainReloadingComplete (40ms)
	LoadAllAssembliesAndSetupDomain (314ms)
		LoadAssemblies (371ms)
		RebuildTransferFunctionScriptingTraits (0ms)
		AnalyzeDomain (12ms)
			TypeCache.Refresh (7ms)
				TypeCache.ScanAssembly (0ms)
			ScanForSourceGeneratedMonoScriptInfo (0ms)
			ResolveRequiredComponents (4ms)
	FinalizeReload (1362ms)
		ReleaseScriptCaches (0ms)
		RebuildScriptCaches (0ms)
		SetupLoadedEditorAssemblies (338ms)
			LogAssemblyErrors (0ms)
			InitializePlatformSupportModulesInManaged (14ms)
			SetLoadedEditorAssemblies (4ms)
			RefreshPlugins (0ms)
			BeforeProcessingInitializeOnLoad (85ms)
			ProcessInitializeOnLoadAttributes (215ms)
			ProcessInitializeOnLoadMethodAttributes (16ms)
			AfterProcessingInitializeOnLoad (3ms)
			EditorAssembliesLoaded (0ms)
		ExecutionOrderSort2 (0ms)
		AwakeInstancesAfterBackupRestoration (4ms)
Refreshing native plugins compatible for Editor in 19.63 ms, found 0 plugins.
Preloading 0 native plugins for Editor in 0.00 ms.
Unloading 3248 Unused Serialized files (Serialized files now loaded: 0)
Unloading 13 unused Assets / (27.9 KB). Loaded Objects now: 3731.
Memory consumption went from 116.3 MB to 116.3 MB.
Total: 5.507855 ms (FindLiveObjects: 0.359601 ms CreateObjectMapping: 0.306193 ms MarkObjects: 4.772533 ms  DeleteObjects: 0.067013 ms)

Prepare: number of updated asset objects reloaded= 0
AssetImportParameters requested are different than current active one (requested -> active):
  custom:container-demuxer-ogg: 62fdf1f143b41e24485cea50d1cbac27 -> 
  custom:video-decoder-ogg-theora: a1e56fd34408186e4bbccfd4996cb3dc -> 
  custom:CustomObjectIndexerAttribute: 232f87dd983dbecb2a4e21e08eb2cef8 -> 
  custom:container-demuxer-webm: 4f35f7cbe854078d1ac9338744f61a02 -> 
  custom:container-muxer-webm: aa71ff27fc2769a1b78a27578f13a17b -> 
  custom:video-decoder-webm-vp8: 9c59270c3fd7afecdb556c50c9e8de78 -> 
  custom:SearchIndexIgnoredProperties: e643bd26f0fe6173181afceb89e7c659 -> 
  custom:AudioImporter_EditorPlatform: 2f0ff77a95e0ac474e3e8eeba4e2f7cb -> 
  custom:video-encoder-webm-vp8: eb34c28f22e8b96e1ab97ce403110664 -> 
  custom:audio-decoder-ogg-vorbis: bf7c407c2cedff20999df2af8eb42d56 -> 
  custom:audio-encoder-webm-vorbis: bf7c407c2cedff20999df2af8eb42d56 -> 
========================================================================
Received Import Request.
  Time since last request: 700.563781 seconds.
  path: Assets/_Scripts/GameManager.cs
  artifactKey: Guid(d94e4ef1c45a8786b847a1695060dbb4) Importer(815301076,1909f56bfc062723c751e8b465ee728b)
Start importing Assets/_Scripts/GameManager.cs using Guid(d94e4ef1c45a8786b847a1695060dbb4) Importer(815301076,1909f56bfc062723c751e8b465ee728b) [PhysX] Initialized MultithreadedTaskDispatcher with 8 workers.
 -> (artifact id: 'e39aa9ec4a8a580bada6a4b2f87f3267') in 0.001633 seconds
Number of updated asset objects reloaded before import = 0
Number of asset objects unloaded after import = 0
========================================================================
Received Import Request.
  Time since last request: 368.751188 seconds.
  path: Assets/_Scripts/LaunchController.cs
  artifactKey: Guid(36177a20ba0af59d1871b6be90c5d679) Importer(815301076,1909f56bfc062723c751e8b465ee728b)
Start importing Assets/_Scripts/LaunchController.cs using Guid(36177a20ba0af59d1871b6be90c5d679) Importer(815301076,1909f56bfc062723c751e8b465ee728b) [PhysX] Initialized MultithreadedTaskDispatcher with 8 workers.
 -> (artifact id: '5e6dd56ac019053b732fa0ab8fd968b0') in 0.000442 seconds
Number of updated asset objects reloaded before import = 0
Number of asset objects unloaded after import = 0
========================================================================
Received Import Request.
  Time since last request: 4.322957 seconds.
  path: Assets/_Scripts/ScoreController.cs
  artifactKey: Guid(df1427d2f6c69d5cf8d32483eb8f3989) Importer(815301076,1909f56bfc062723c751e8b465ee728b)
Start importing Assets/_Scripts/ScoreController.cs using Guid(df1427d2f6c69d5cf8d32483eb8f3989) Importer(815301076,1909f56bfc062723c751e8b465ee728b) [PhysX] Initialized MultithreadedTaskDispatcher with 8 workers.
 -> (artifact id: '00000000000000000000000000000000') in 0.000396 seconds
Import Error Code:(4)
Message: Build asset version error: assets/_scripts/scorecontroller.cs in SourceAssetDB has modification time of '2025-08-02T10:05:06Z' while content on disk has modification time of '2025-08-03T15:11:43Z'
  ERROR: Build asset version error: assets/_scripts/scorecontroller.cs in SourceAssetDB has modification time of '2025-08-02T10:05:06Z' while content on disk has modification time of '2025-08-03T15:11:43Z'
Number of updated asset objects reloaded before import = 0
Number of asset objects unloaded after import = 0
========================================================================
Received Import Request.
  Time since last request: 0.001111 seconds.
  path: Assets/_Scripts/ScoreController.cs
  artifactKey: Guid(df1427d2f6c69d5cf8d32483eb8f3989) Importer(815301076,1909f56bfc062723c751e8b465ee728b)
Start importing Assets/_Scripts/ScoreController.cs using Guid(df1427d2f6c69d5cf8d32483eb8f3989) Importer(815301076,1909f56bfc062723c751e8b465ee728b) [PhysX] Initialized MultithreadedTaskDispatcher with 8 workers.
 -> (artifact id: '00000000000000000000000000000000') in 0.000316 seconds
Import Error Code:(4)
Message: Build asset version error: assets/_scripts/scorecontroller.cs in SourceAssetDB has modification time of '2025-08-02T10:05:06Z' while content on disk has modification time of '2025-08-03T15:11:43Z'
  ERROR: Build asset version error: assets/_scripts/scorecontroller.cs in SourceAssetDB has modification time of '2025-08-02T10:05:06Z' while content on disk has modification time of '2025-08-03T15:11:43Z'
Number of updated asset objects reloaded before import = 0
Number of asset objects unloaded after import = 0
========================================================================
Received Import Request.
  Time since last request: 0.002662 seconds.
  path: Assets/_Scripts/ScoreController.cs
  artifactKey: Guid(df1427d2f6c69d5cf8d32483eb8f3989) Importer(815301076,1909f56bfc062723c751e8b465ee728b)
Start importing Assets/_Scripts/ScoreController.cs using Guid(df1427d2f6c69d5cf8d32483eb8f3989) Importer(815301076,1909f56bfc062723c751e8b465ee728b) [PhysX] Initialized MultithreadedTaskDispatcher with 8 workers.
 -> (artifact id: '00000000000000000000000000000000') in 0.000378 seconds
Import Error Code:(4)
Message: Build asset version error: assets/_scripts/scorecontroller.cs in SourceAssetDB has modification time of '2025-08-02T10:05:06Z' while content on disk has modification time of '2025-08-03T15:11:43Z'
  ERROR: Build asset version error: assets/_scripts/scorecontroller.cs in SourceAssetDB has modification time of '2025-08-02T10:05:06Z' while content on disk has modification time of '2025-08-03T15:11:43Z'
Number of updated asset objects reloaded before import = 0
Number of asset objects unloaded after import = 0
========================================================================
Received Import Request.
  Time since last request: 0.002700 seconds.
  path: Assets/_Scripts/ScoreController.cs
  artifactKey: Guid(df1427d2f6c69d5cf8d32483eb8f3989) Importer(815301076,1909f56bfc062723c751e8b465ee728b)
Start importing Assets/_Scripts/ScoreController.cs using Guid(df1427d2f6c69d5cf8d32483eb8f3989) Importer(815301076,1909f56bfc062723c751e8b465ee728b) [PhysX] Initialized MultithreadedTaskDispatcher with 8 workers.
 -> (artifact id: '00000000000000000000000000000000') in 0.000368 seconds
Import Error Code:(4)
Message: Build asset version error: assets/_scripts/scorecontroller.cs in SourceAssetDB has modification time of '2025-08-02T10:05:06Z' while content on disk has modification time of '2025-08-03T15:11:43Z'
  ERROR: Build asset version error: assets/_scripts/scorecontroller.cs in SourceAssetDB has modification time of '2025-08-02T10:05:06Z' while content on disk has modification time of '2025-08-03T15:11:43Z'
Number of updated asset objects reloaded before import = 0
Number of asset objects unloaded after import = 0
========================================================================
Received Import Request.
  Time since last request: 0.009375 seconds.
  path: Assets/_Scripts/ScoreController.cs
  artifactKey: Guid(df1427d2f6c69d5cf8d32483eb8f3989) Importer(815301076,1909f56bfc062723c751e8b465ee728b)
Start importing Assets/_Scripts/ScoreController.cs using Guid(df1427d2f6c69d5cf8d32483eb8f3989) Importer(815301076,1909f56bfc062723c751e8b465ee728b) [PhysX] Initialized MultithreadedTaskDispatcher with 8 workers.
 -> (artifact id: '00000000000000000000000000000000') in 0.000425 seconds
Import Error Code:(4)
Message: Build asset version error: assets/_scripts/scorecontroller.cs in SourceAssetDB has modification time of '2025-08-02T10:05:06Z' while content on disk has modification time of '2025-08-03T15:11:43Z'
  ERROR: Build asset version error: assets/_scripts/scorecontroller.cs in SourceAssetDB has modification time of '2025-08-02T10:05:06Z' while content on disk has modification time of '2025-08-03T15:11:43Z'
Number of updated asset objects reloaded before import = 0
Number of asset objects unloaded after import = 0
========================================================================
Received Import Request.
  Time since last request: 0.011829 seconds.
  path: Assets/_Scripts/ScoreController.cs
  artifactKey: Guid(df1427d2f6c69d5cf8d32483eb8f3989) Importer(815301076,1909f56bfc062723c751e8b465ee728b)
Start importing Assets/_Scripts/ScoreController.cs using Guid(df1427d2f6c69d5cf8d32483eb8f3989) Importer(815301076,1909f56bfc062723c751e8b465ee728b) [PhysX] Initialized MultithreadedTaskDispatcher with 8 workers.
 -> (artifact id: '00000000000000000000000000000000') in 0.000506 seconds
Import Error Code:(4)
Message: Build asset version error: assets/_scripts/scorecontroller.cs in SourceAssetDB has modification time of '2025-08-02T10:05:06Z' while content on disk has modification time of '2025-08-03T15:11:43Z'
  ERROR: Build asset version error: assets/_scripts/scorecontroller.cs in SourceAssetDB has modification time of '2025-08-02T10:05:06Z' while content on disk has modification time of '2025-08-03T15:11:43Z'
Number of updated asset objects reloaded before import = 0
Number of asset objects unloaded after import = 0
========================================================================
Received Import Request.
  Time since last request: 0.014896 seconds.
  path: Assets/_Scripts/ScoreController.cs
  artifactKey: Guid(df1427d2f6c69d5cf8d32483eb8f3989) Importer(815301076,1909f56bfc062723c751e8b465ee728b)
Start importing Assets/_Scripts/ScoreController.cs using Guid(df1427d2f6c69d5cf8d32483eb8f3989) Importer(815301076,1909f56bfc062723c751e8b465ee728b) [PhysX] Initialized MultithreadedTaskDispatcher with 8 workers.
 -> (artifact id: '00000000000000000000000000000000') in 0.000756 seconds
Import Error Code:(4)
Message: Build asset version error: assets/_scripts/scorecontroller.cs in SourceAssetDB has modification time of '2025-08-02T10:05:06Z' while content on disk has modification time of '2025-08-03T15:11:43Z'
  ERROR: Build asset version error: assets/_scripts/scorecontroller.cs in SourceAssetDB has modification time of '2025-08-02T10:05:06Z' while content on disk has modification time of '2025-08-03T15:11:43Z'
Number of updated asset objects reloaded before import = 0
Number of asset objects unloaded after import = 0
========================================================================
Received Import Request.
  Time since last request: 0.011530 seconds.
  path: Assets/_Scripts/ScoreController.cs
  artifactKey: Guid(df1427d2f6c69d5cf8d32483eb8f3989) Importer(815301076,1909f56bfc062723c751e8b465ee728b)
Start importing Assets/_Scripts/ScoreController.cs using Guid(df1427d2f6c69d5cf8d32483eb8f3989) Importer(815301076,1909f56bfc062723c751e8b465ee728b) [PhysX] Initialized MultithreadedTaskDispatcher with 8 workers.
 -> (artifact id: '00000000000000000000000000000000') in 0.000529 seconds
Import Error Code:(4)
Message: Build asset version error: assets/_scripts/scorecontroller.cs in SourceAssetDB has modification time of '2025-08-02T10:05:06Z' while content on disk has modification time of '2025-08-03T15:11:43Z'
  ERROR: Build asset version error: assets/_scripts/scorecontroller.cs in SourceAssetDB has modification time of '2025-08-02T10:05:06Z' while content on disk has modification time of '2025-08-03T15:11:43Z'
Number of updated asset objects reloaded before import = 0
Number of asset objects unloaded after import = 0
========================================================================
Received Import Request.
  Time since last request: 0.010032 seconds.
  path: Assets/_Scripts/ScoreController.cs
  artifactKey: Guid(df1427d2f6c69d5cf8d32483eb8f3989) Importer(815301076,1909f56bfc062723c751e8b465ee728b)
Start importing Assets/_Scripts/ScoreController.cs using Guid(df1427d2f6c69d5cf8d32483eb8f3989) Importer(815301076,1909f56bfc062723c751e8b465ee728b) [PhysX] Initialized MultithreadedTaskDispatcher with 8 workers.
 -> (artifact id: '00000000000000000000000000000000') in 0.000514 seconds
Import Error Code:(4)
Message: Build asset version error: assets/_scripts/scorecontroller.cs in SourceAssetDB has modification time of '2025-08-02T10:05:06Z' while content on disk has modification time of '2025-08-03T15:11:43Z'
  ERROR: Build asset version error: assets/_scripts/scorecontroller.cs in SourceAssetDB has modification time of '2025-08-02T10:05:06Z' while content on disk has modification time of '2025-08-03T15:11:43Z'
Number of updated asset objects reloaded before import = 0
Number of asset objects unloaded after import = 0
========================================================================
Received Import Request.
  Time since last request: 0.011881 seconds.
  path: Assets/_Scripts/ScoreController.cs
  artifactKey: Guid(df1427d2f6c69d5cf8d32483eb8f3989) Importer(815301076,1909f56bfc062723c751e8b465ee728b)
Start importing Assets/_Scripts/ScoreController.cs using Guid(df1427d2f6c69d5cf8d32483eb8f3989) Importer(815301076,1909f56bfc062723c751e8b465ee728b) [PhysX] Initialized MultithreadedTaskDispatcher with 8 workers.
 -> (artifact id: '00000000000000000000000000000000') in 0.000565 seconds
Import Error Code:(4)
Message: Build asset version error: assets/_scripts/scorecontroller.cs in SourceAssetDB has modification time of '2025-08-02T10:05:06Z' while content on disk has modification time of '2025-08-03T15:11:43Z'
  ERROR: Build asset version error: assets/_scripts/scorecontroller.cs in SourceAssetDB has modification time of '2025-08-02T10:05:06Z' while content on disk has modification time of '2025-08-03T15:11:43Z'
Number of updated asset objects reloaded before import = 0
Number of asset objects unloaded after import = 0
========================================================================
Received Import Request.
  Time since last request: 0.011780 seconds.
  path: Assets/_Scripts/ScoreController.cs
  artifactKey: Guid(df1427d2f6c69d5cf8d32483eb8f3989) Importer(815301076,1909f56bfc062723c751e8b465ee728b)
Start importing Assets/_Scripts/ScoreController.cs using Guid(df1427d2f6c69d5cf8d32483eb8f3989) Importer(815301076,1909f56bfc062723c751e8b465ee728b) [PhysX] Initialized MultithreadedTaskDispatcher with 8 workers.
 -> (artifact id: '00000000000000000000000000000000') in 0.000473 seconds
Import Error Code:(4)
Message: Build asset version error: assets/_scripts/scorecontroller.cs in SourceAssetDB has modification time of '2025-08-02T10:05:06Z' while content on disk has modification time of '2025-08-03T15:11:43Z'
  ERROR: Build asset version error: assets/_scripts/scorecontroller.cs in SourceAssetDB has modification time of '2025-08-02T10:05:06Z' while content on disk has modification time of '2025-08-03T15:11:43Z'
Number of updated asset objects reloaded before import = 0
Number of asset objects unloaded after import = 0
========================================================================
Received Import Request.
  Time since last request: 0.003636 seconds.
  path: Assets/_Scripts/ScoreController.cs
  artifactKey: Guid(df1427d2f6c69d5cf8d32483eb8f3989) Importer(815301076,1909f56bfc062723c751e8b465ee728b)
Start importing Assets/_Scripts/ScoreController.cs using Guid(df1427d2f6c69d5cf8d32483eb8f3989) Importer(815301076,1909f56bfc062723c751e8b465ee728b) [PhysX] Initialized MultithreadedTaskDispatcher with 8 workers.
 -> (artifact id: '00000000000000000000000000000000') in 0.000479 seconds
Import Error Code:(4)
Message: Build asset version error: assets/_scripts/scorecontroller.cs in SourceAssetDB has modification time of '2025-08-02T10:05:06Z' while content on disk has modification time of '2025-08-03T15:11:43Z'
  ERROR: Build asset version error: assets/_scripts/scorecontroller.cs in SourceAssetDB has modification time of '2025-08-02T10:05:06Z' while content on disk has modification time of '2025-08-03T15:11:43Z'
Number of updated asset objects reloaded before import = 0
Number of asset objects unloaded after import = 0
========================================================================
Received Import Request.
  Time since last request: 0.011795 seconds.
  path: Assets/_Scripts/ScoreController.cs
  artifactKey: Guid(df1427d2f6c69d5cf8d32483eb8f3989) Importer(815301076,1909f56bfc062723c751e8b465ee728b)
Start importing Assets/_Scripts/ScoreController.cs using Guid(df1427d2f6c69d5cf8d32483eb8f3989) Importer(815301076,1909f56bfc062723c751e8b465ee728b) [PhysX] Initialized MultithreadedTaskDispatcher with 8 workers.
 -> (artifact id: '00000000000000000000000000000000') in 0.000495 seconds
Import Error Code:(4)
Message: Build asset version error: assets/_scripts/scorecontroller.cs in SourceAssetDB has modification time of '2025-08-02T10:05:06Z' while content on disk has modification time of '2025-08-03T15:11:43Z'
  ERROR: Build asset version error: assets/_scripts/scorecontroller.cs in SourceAssetDB has modification time of '2025-08-02T10:05:06Z' while content on disk has modification time of '2025-08-03T15:11:43Z'
Number of updated asset objects reloaded before import = 0
Number of asset objects unloaded after import = 0
========================================================================
Received Import Request.
  Time since last request: 0.011159 seconds.
  path: Assets/_Scripts/ScoreController.cs
  artifactKey: Guid(df1427d2f6c69d5cf8d32483eb8f3989) Importer(815301076,1909f56bfc062723c751e8b465ee728b)
Start importing Assets/_Scripts/ScoreController.cs using Guid(df1427d2f6c69d5cf8d32483eb8f3989) Importer(815301076,1909f56bfc062723c751e8b465ee728b) [PhysX] Initialized MultithreadedTaskDispatcher with 8 workers.
 -> (artifact id: '00000000000000000000000000000000') in 0.000634 seconds
Import Error Code:(4)
Message: Build asset version error: assets/_scripts/scorecontroller.cs in SourceAssetDB has modification time of '2025-08-02T10:05:06Z' while content on disk has modification time of '2025-08-03T15:11:43Z'
  ERROR: Build asset version error: assets/_scripts/scorecontroller.cs in SourceAssetDB has modification time of '2025-08-02T10:05:06Z' while content on disk has modification time of '2025-08-03T15:11:43Z'
Number of updated asset objects reloaded before import = 0
Number of asset objects unloaded after import = 0
========================================================================
Received Import Request.
  Time since last request: 0.014319 seconds.
  path: Assets/_Scripts/ScoreController.cs
  artifactKey: Guid(df1427d2f6c69d5cf8d32483eb8f3989) Importer(815301076,1909f56bfc062723c751e8b465ee728b)
Start importing Assets/_Scripts/ScoreController.cs using Guid(df1427d2f6c69d5cf8d32483eb8f3989) Importer(815301076,1909f56bfc062723c751e8b465ee728b) [PhysX] Initialized MultithreadedTaskDispatcher with 8 workers.
 -> (artifact id: '00000000000000000000000000000000') in 0.000499 seconds
Import Error Code:(4)
Message: Build asset version error: assets/_scripts/scorecontroller.cs in SourceAssetDB has modification time of '2025-08-02T10:05:06Z' while content on disk has modification time of '2025-08-03T15:11:43Z'
  ERROR: Build asset version error: assets/_scripts/scorecontroller.cs in SourceAssetDB has modification time of '2025-08-02T10:05:06Z' while content on disk has modification time of '2025-08-03T15:11:43Z'
Number of updated asset objects reloaded before import = 0
Number of asset objects unloaded after import = 0
========================================================================
Received Import Request.
  Time since last request: 0.015657 seconds.
  path: Assets/_Scripts/ScoreController.cs
  artifactKey: Guid(df1427d2f6c69d5cf8d32483eb8f3989) Importer(815301076,1909f56bfc062723c751e8b465ee728b)
Start importing Assets/_Scripts/ScoreController.cs using Guid(df1427d2f6c69d5cf8d32483eb8f3989) Importer(815301076,1909f56bfc062723c751e8b465ee728b) [PhysX] Initialized MultithreadedTaskDispatcher with 8 workers.
 -> (artifact id: '00000000000000000000000000000000') in 0.000488 seconds
Import Error Code:(4)
Message: Build asset version error: assets/_scripts/scorecontroller.cs in SourceAssetDB has modification time of '2025-08-02T10:05:06Z' while content on disk has modification time of '2025-08-03T15:11:43Z'
  ERROR: Build asset version error: assets/_scripts/scorecontroller.cs in SourceAssetDB has modification time of '2025-08-02T10:05:06Z' while content on disk has modification time of '2025-08-03T15:11:43Z'
Number of updated asset objects reloaded before import = 0
Number of asset objects unloaded after import = 0
========================================================================
Received Import Request.
  Time since last request: 0.015720 seconds.
  path: Assets/_Scripts/ScoreController.cs
  artifactKey: Guid(df1427d2f6c69d5cf8d32483eb8f3989) Importer(815301076,1909f56bfc062723c751e8b465ee728b)
Start importing Assets/_Scripts/ScoreController.cs using Guid(df1427d2f6c69d5cf8d32483eb8f3989) Importer(815301076,1909f56bfc062723c751e8b465ee728b) [PhysX] Initialized MultithreadedTaskDispatcher with 8 workers.
 -> (artifact id: '00000000000000000000000000000000') in 0.000525 seconds
Import Error Code:(4)
Message: Build asset version error: assets/_scripts/scorecontroller.cs in SourceAssetDB has modification time of '2025-08-02T10:05:06Z' while content on disk has modification time of '2025-08-03T15:11:43Z'
  ERROR: Build asset version error: assets/_scripts/scorecontroller.cs in SourceAssetDB has modification time of '2025-08-02T10:05:06Z' while content on disk has modification time of '2025-08-03T15:11:43Z'
Number of updated asset objects reloaded before import = 0
Number of asset objects unloaded after import = 0
========================================================================
Received Import Request.
  Time since last request: 0.015730 seconds.
  path: Assets/_Scripts/ScoreController.cs
  artifactKey: Guid(df1427d2f6c69d5cf8d32483eb8f3989) Importer(815301076,1909f56bfc062723c751e8b465ee728b)
Start importing Assets/_Scripts/ScoreController.cs using Guid(df1427d2f6c69d5cf8d32483eb8f3989) Importer(815301076,1909f56bfc062723c751e8b465ee728b) [PhysX] Initialized MultithreadedTaskDispatcher with 8 workers.
 -> (artifact id: '00000000000000000000000000000000') in 0.000516 seconds
Import Error Code:(4)
Message: Build asset version error: assets/_scripts/scorecontroller.cs in SourceAssetDB has modification time of '2025-08-02T10:05:06Z' while content on disk has modification time of '2025-08-03T15:11:43Z'
  ERROR: Build asset version error: assets/_scripts/scorecontroller.cs in SourceAssetDB has modification time of '2025-08-02T10:05:06Z' while content on disk has modification time of '2025-08-03T15:11:43Z'
Number of updated asset objects reloaded before import = 0
Number of asset objects unloaded after import = 0
========================================================================
Received Import Request.
  Time since last request: 2.365384 seconds.
  path: Assets/_Scripts/ScoreController.cs
  artifactKey: Guid(df1427d2f6c69d5cf8d32483eb8f3989) Importer(815301076,1909f56bfc062723c751e8b465ee728b)
Start importing Assets/_Scripts/ScoreController.cs using Guid(df1427d2f6c69d5cf8d32483eb8f3989) Importer(815301076,1909f56bfc062723c751e8b465ee728b) [PhysX] Initialized MultithreadedTaskDispatcher with 8 workers.
 -> (artifact id: '00000000000000000000000000000000') in 0.000533 seconds
Import Error Code:(4)
Message: Build asset version error: assets/_scripts/scorecontroller.cs in SourceAssetDB has modification time of '2025-08-02T10:05:06Z' while content on disk has modification time of '2025-08-03T15:11:43Z'
  ERROR: Build asset version error: assets/_scripts/scorecontroller.cs in SourceAssetDB has modification time of '2025-08-02T10:05:06Z' while content on disk has modification time of '2025-08-03T15:11:43Z'
Number of updated asset objects reloaded before import = 0
Number of asset objects unloaded after import = 0
========================================================================
Received Import Request.
  Time since last request: 0.012116 seconds.
  path: Assets/_Scripts/ScoreController.cs
  artifactKey: Guid(df1427d2f6c69d5cf8d32483eb8f3989) Importer(815301076,1909f56bfc062723c751e8b465ee728b)
Start importing Assets/_Scripts/ScoreController.cs using Guid(df1427d2f6c69d5cf8d32483eb8f3989) Importer(815301076,1909f56bfc062723c751e8b465ee728b) [PhysX] Initialized MultithreadedTaskDispatcher with 8 workers.
 -> (artifact id: '00000000000000000000000000000000') in 0.000747 seconds
Import Error Code:(4)
Message: Build asset version error: assets/_scripts/scorecontroller.cs in SourceAssetDB has modification time of '2025-08-02T10:05:06Z' while content on disk has modification time of '2025-08-03T15:11:43Z'
  ERROR: Build asset version error: assets/_scripts/scorecontroller.cs in SourceAssetDB has modification time of '2025-08-02T10:05:06Z' while content on disk has modification time of '2025-08-03T15:11:43Z'
Number of updated asset objects reloaded before import = 0
Number of asset objects unloaded after import = 0
========================================================================
Received Import Request.
  Time since last request: 0.011441 seconds.
  path: Assets/_Scripts/ScoreController.cs
  artifactKey: Guid(df1427d2f6c69d5cf8d32483eb8f3989) Importer(815301076,1909f56bfc062723c751e8b465ee728b)
Start importing Assets/_Scripts/ScoreController.cs using Guid(df1427d2f6c69d5cf8d32483eb8f3989) Importer(815301076,1909f56bfc062723c751e8b465ee728b) [PhysX] Initialized MultithreadedTaskDispatcher with 8 workers.
 -> (artifact id: '00000000000000000000000000000000') in 0.001204 seconds
Import Error Code:(4)
Message: Build asset version error: assets/_scripts/scorecontroller.cs in SourceAssetDB has modification time of '2025-08-02T10:05:06Z' while content on disk has modification time of '2025-08-03T15:11:43Z'
  ERROR: Build asset version error: assets/_scripts/scorecontroller.cs in SourceAssetDB has modification time of '2025-08-02T10:05:06Z' while content on disk has modification time of '2025-08-03T15:11:43Z'
Number of updated asset objects reloaded before import = 0
Number of asset objects unloaded after import = 0
========================================================================
Received Import Request.
  Time since last request: 0.010615 seconds.
  path: Assets/_Scripts/ScoreController.cs
  artifactKey: Guid(df1427d2f6c69d5cf8d32483eb8f3989) Importer(815301076,1909f56bfc062723c751e8b465ee728b)
Start importing Assets/_Scripts/ScoreController.cs using Guid(df1427d2f6c69d5cf8d32483eb8f3989) Importer(815301076,1909f56bfc062723c751e8b465ee728b) [PhysX] Initialized MultithreadedTaskDispatcher with 8 workers.
 -> (artifact id: '00000000000000000000000000000000') in 0.000499 seconds
Import Error Code:(4)
Message: Build asset version error: assets/_scripts/scorecontroller.cs in SourceAssetDB has modification time of '2025-08-02T10:05:06Z' while content on disk has modification time of '2025-08-03T15:11:43Z'
  ERROR: Build asset version error: assets/_scripts/scorecontroller.cs in SourceAssetDB has modification time of '2025-08-02T10:05:06Z' while content on disk has modification time of '2025-08-03T15:11:43Z'
Number of updated asset objects reloaded before import = 0
Number of asset objects unloaded after import = 0
========================================================================
Received Import Request.
  Time since last request: 0.011786 seconds.
  path: Assets/_Scripts/ScoreController.cs
  artifactKey: Guid(df1427d2f6c69d5cf8d32483eb8f3989) Importer(815301076,1909f56bfc062723c751e8b465ee728b)
Start importing Assets/_Scripts/ScoreController.cs using Guid(df1427d2f6c69d5cf8d32483eb8f3989) Importer(815301076,1909f56bfc062723c751e8b465ee728b) [PhysX] Initialized MultithreadedTaskDispatcher with 8 workers.
 -> (artifact id: '00000000000000000000000000000000') in 0.000523 seconds
Import Error Code:(4)
Message: Build asset version error: assets/_scripts/scorecontroller.cs in SourceAssetDB has modification time of '2025-08-02T10:05:06Z' while content on disk has modification time of '2025-08-03T15:11:43Z'
  ERROR: Build asset version error: assets/_scripts/scorecontroller.cs in SourceAssetDB has modification time of '2025-08-02T10:05:06Z' while content on disk has modification time of '2025-08-03T15:11:43Z'
Number of updated asset objects reloaded before import = 0
Number of asset objects unloaded after import = 0
========================================================================
Received Import Request.
  Time since last request: 0.010454 seconds.
  path: Assets/_Scripts/ScoreController.cs
  artifactKey: Guid(df1427d2f6c69d5cf8d32483eb8f3989) Importer(815301076,1909f56bfc062723c751e8b465ee728b)
Start importing Assets/_Scripts/ScoreController.cs using Guid(df1427d2f6c69d5cf8d32483eb8f3989) Importer(815301076,1909f56bfc062723c751e8b465ee728b) [PhysX] Initialized MultithreadedTaskDispatcher with 8 workers.
 -> (artifact id: '00000000000000000000000000000000') in 0.000598 seconds
Import Error Code:(4)
Message: Build asset version error: assets/_scripts/scorecontroller.cs in SourceAssetDB has modification time of '2025-08-02T10:05:06Z' while content on disk has modification time of '2025-08-03T15:11:43Z'
  ERROR: Build asset version error: assets/_scripts/scorecontroller.cs in SourceAssetDB has modification time of '2025-08-02T10:05:06Z' while content on disk has modification time of '2025-08-03T15:11:43Z'
Number of updated asset objects reloaded before import = 0
Number of asset objects unloaded after import = 0
========================================================================
Received Import Request.
  Time since last request: 0.011289 seconds.
  path: Assets/_Scripts/ScoreController.cs
  artifactKey: Guid(df1427d2f6c69d5cf8d32483eb8f3989) Importer(815301076,1909f56bfc062723c751e8b465ee728b)
Start importing Assets/_Scripts/ScoreController.cs using Guid(df1427d2f6c69d5cf8d32483eb8f3989) Importer(815301076,1909f56bfc062723c751e8b465ee728b) [PhysX] Initialized MultithreadedTaskDispatcher with 8 workers.
 -> (artifact id: '00000000000000000000000000000000') in 0.000695 seconds
Import Error Code:(4)
Message: Build asset version error: assets/_scripts/scorecontroller.cs in SourceAssetDB has modification time of '2025-08-02T10:05:06Z' while content on disk has modification time of '2025-08-03T15:11:43Z'
  ERROR: Build asset version error: assets/_scripts/scorecontroller.cs in SourceAssetDB has modification time of '2025-08-02T10:05:06Z' while content on disk has modification time of '2025-08-03T15:11:43Z'
Number of updated asset objects reloaded before import = 0
Number of asset objects unloaded after import = 0
========================================================================
Received Import Request.
  Time since last request: 0.011137 seconds.
  path: Assets/_Scripts/ScoreController.cs
  artifactKey: Guid(df1427d2f6c69d5cf8d32483eb8f3989) Importer(815301076,1909f56bfc062723c751e8b465ee728b)
Start importing Assets/_Scripts/ScoreController.cs using Guid(df1427d2f6c69d5cf8d32483eb8f3989) Importer(815301076,1909f56bfc062723c751e8b465ee728b) [PhysX] Initialized MultithreadedTaskDispatcher with 8 workers.
 -> (artifact id: '00000000000000000000000000000000') in 0.000387 seconds
Import Error Code:(4)
Message: Build asset version error: assets/_scripts/scorecontroller.cs in SourceAssetDB has modification time of '2025-08-02T10:05:06Z' while content on disk has modification time of '2025-08-03T15:11:43Z'
  ERROR: Build asset version error: assets/_scripts/scorecontroller.cs in SourceAssetDB has modification time of '2025-08-02T10:05:06Z' while content on disk has modification time of '2025-08-03T15:11:43Z'
Number of updated asset objects reloaded before import = 0
Number of asset objects unloaded after import = 0
========================================================================
Received Import Request.
  Time since last request: 0.012067 seconds.
  path: Assets/_Scripts/ScoreController.cs
  artifactKey: Guid(df1427d2f6c69d5cf8d32483eb8f3989) Importer(815301076,1909f56bfc062723c751e8b465ee728b)
Start importing Assets/_Scripts/ScoreController.cs using Guid(df1427d2f6c69d5cf8d32483eb8f3989) Importer(815301076,1909f56bfc062723c751e8b465ee728b) [PhysX] Initialized MultithreadedTaskDispatcher with 8 workers.
 -> (artifact id: '00000000000000000000000000000000') in 0.000407 seconds
Import Error Code:(4)
Message: Build asset version error: assets/_scripts/scorecontroller.cs in SourceAssetDB has modification time of '2025-08-02T10:05:06Z' while content on disk has modification time of '2025-08-03T15:11:43Z'
  ERROR: Build asset version error: assets/_scripts/scorecontroller.cs in SourceAssetDB has modification time of '2025-08-02T10:05:06Z' while content on disk has modification time of '2025-08-03T15:11:43Z'
Number of updated asset objects reloaded before import = 0
Number of asset objects unloaded after import = 0
========================================================================
Received Import Request.
  Time since last request: 0.015379 seconds.
  path: Assets/_Scripts/ScoreController.cs
  artifactKey: Guid(df1427d2f6c69d5cf8d32483eb8f3989) Importer(815301076,1909f56bfc062723c751e8b465ee728b)
Start importing Assets/_Scripts/ScoreController.cs using Guid(df1427d2f6c69d5cf8d32483eb8f3989) Importer(815301076,1909f56bfc062723c751e8b465ee728b) [PhysX] Initialized MultithreadedTaskDispatcher with 8 workers.
 -> (artifact id: '00000000000000000000000000000000') in 0.000590 seconds
Import Error Code:(4)
Message: Build asset version error: assets/_scripts/scorecontroller.cs in SourceAssetDB has modification time of '2025-08-02T10:05:06Z' while content on disk has modification time of '2025-08-03T15:11:43Z'
  ERROR: Build asset version error: assets/_scripts/scorecontroller.cs in SourceAssetDB has modification time of '2025-08-02T10:05:06Z' while content on disk has modification time of '2025-08-03T15:11:43Z'
Number of updated asset objects reloaded before import = 0
Number of asset objects unloaded after import = 0
========================================================================
Received Import Request.
  Time since last request: 0.015776 seconds.
  path: Assets/_Scripts/ScoreController.cs
  artifactKey: Guid(df1427d2f6c69d5cf8d32483eb8f3989) Importer(815301076,1909f56bfc062723c751e8b465ee728b)
Start importing Assets/_Scripts/ScoreController.cs using Guid(df1427d2f6c69d5cf8d32483eb8f3989) Importer(815301076,1909f56bfc062723c751e8b465ee728b) [PhysX] Initialized MultithreadedTaskDispatcher with 8 workers.
 -> (artifact id: '00000000000000000000000000000000') in 0.000384 seconds
Import Error Code:(4)
Message: Build asset version error: assets/_scripts/scorecontroller.cs in SourceAssetDB has modification time of '2025-08-02T10:05:06Z' while content on disk has modification time of '2025-08-03T15:11:43Z'
  ERROR: Build asset version error: assets/_scripts/scorecontroller.cs in SourceAssetDB has modification time of '2025-08-02T10:05:06Z' while content on disk has modification time of '2025-08-03T15:11:43Z'
Number of updated asset objects reloaded before import = 0
Number of asset objects unloaded after import = 0
========================================================================
Received Import Request.
  Time since last request: 0.015199 seconds.
  path: Assets/_Scripts/ScoreController.cs
  artifactKey: Guid(df1427d2f6c69d5cf8d32483eb8f3989) Importer(815301076,1909f56bfc062723c751e8b465ee728b)
Start importing Assets/_Scripts/ScoreController.cs using Guid(df1427d2f6c69d5cf8d32483eb8f3989) Importer(815301076,1909f56bfc062723c751e8b465ee728b) [PhysX] Initialized MultithreadedTaskDispatcher with 8 workers.
 -> (artifact id: '00000000000000000000000000000000') in 0.000429 seconds
Import Error Code:(4)
Message: Build asset version error: assets/_scripts/scorecontroller.cs in SourceAssetDB has modification time of '2025-08-02T10:05:06Z' while content on disk has modification time of '2025-08-03T15:11:43Z'
  ERROR: Build asset version error: assets/_scripts/scorecontroller.cs in SourceAssetDB has modification time of '2025-08-02T10:05:06Z' while content on disk has modification time of '2025-08-03T15:11:43Z'
Number of updated asset objects reloaded before import = 0
Number of asset objects unloaded after import = 0
========================================================================
Received Import Request.
  Time since last request: 0.016817 seconds.
  path: Assets/_Scripts/ScoreController.cs
  artifactKey: Guid(df1427d2f6c69d5cf8d32483eb8f3989) Importer(815301076,1909f56bfc062723c751e8b465ee728b)
Start importing Assets/_Scripts/ScoreController.cs using Guid(df1427d2f6c69d5cf8d32483eb8f3989) Importer(815301076,1909f56bfc062723c751e8b465ee728b) [PhysX] Initialized MultithreadedTaskDispatcher with 8 workers.
 -> (artifact id: '00000000000000000000000000000000') in 0.000377 seconds
Import Error Code:(4)
Message: Build asset version error: assets/_scripts/scorecontroller.cs in SourceAssetDB has modification time of '2025-08-02T10:05:06Z' while content on disk has modification time of '2025-08-03T15:11:43Z'
  ERROR: Build asset version error: assets/_scripts/scorecontroller.cs in SourceAssetDB has modification time of '2025-08-02T10:05:06Z' while content on disk has modification time of '2025-08-03T15:11:43Z'
Number of updated asset objects reloaded before import = 0
Number of asset objects unloaded after import = 0
========================================================================
Received Import Request.
  Time since last request: 0.014918 seconds.
  path: Assets/_Scripts/ScoreController.cs
  artifactKey: Guid(df1427d2f6c69d5cf8d32483eb8f3989) Importer(815301076,1909f56bfc062723c751e8b465ee728b)
Start importing Assets/_Scripts/ScoreController.cs using Guid(df1427d2f6c69d5cf8d32483eb8f3989) Importer(815301076,1909f56bfc062723c751e8b465ee728b) [PhysX] Initialized MultithreadedTaskDispatcher with 8 workers.
 -> (artifact id: '00000000000000000000000000000000') in 0.000511 seconds
Import Error Code:(4)
Message: Build asset version error: assets/_scripts/scorecontroller.cs in SourceAssetDB has modification time of '2025-08-02T10:05:06Z' while content on disk has modification time of '2025-08-03T15:11:43Z'
  ERROR: Build asset version error: assets/_scripts/scorecontroller.cs in SourceAssetDB has modification time of '2025-08-02T10:05:06Z' while content on disk has modification time of '2025-08-03T15:11:43Z'
Number of updated asset objects reloaded before import = 0
Number of asset objects unloaded after import = 0
========================================================================
Received Import Request.
  Time since last request: 0.016637 seconds.
  path: Assets/_Scripts/ScoreController.cs
  artifactKey: Guid(df1427d2f6c69d5cf8d32483eb8f3989) Importer(815301076,1909f56bfc062723c751e8b465ee728b)
Start importing Assets/_Scripts/ScoreController.cs using Guid(df1427d2f6c69d5cf8d32483eb8f3989) Importer(815301076,1909f56bfc062723c751e8b465ee728b) [PhysX] Initialized MultithreadedTaskDispatcher with 8 workers.
 -> (artifact id: '00000000000000000000000000000000') in 0.000387 seconds
Import Error Code:(4)
Message: Build asset version error: assets/_scripts/scorecontroller.cs in SourceAssetDB has modification time of '2025-08-02T10:05:06Z' while content on disk has modification time of '2025-08-03T15:11:43Z'
  ERROR: Build asset version error: assets/_scripts/scorecontroller.cs in SourceAssetDB has modification time of '2025-08-02T10:05:06Z' while content on disk has modification time of '2025-08-03T15:11:43Z'
Number of updated asset objects reloaded before import = 0
Number of asset objects unloaded after import = 0
========================================================================
Received Import Request.
  Time since last request: 0.015294 seconds.
  path: Assets/_Scripts/ScoreController.cs
  artifactKey: Guid(df1427d2f6c69d5cf8d32483eb8f3989) Importer(815301076,1909f56bfc062723c751e8b465ee728b)
Start importing Assets/_Scripts/ScoreController.cs using Guid(df1427d2f6c69d5cf8d32483eb8f3989) Importer(815301076,1909f56bfc062723c751e8b465ee728b) [PhysX] Initialized MultithreadedTaskDispatcher with 8 workers.
 -> (artifact id: '00000000000000000000000000000000') in 0.000720 seconds
Import Error Code:(4)
Message: Build asset version error: assets/_scripts/scorecontroller.cs in SourceAssetDB has modification time of '2025-08-02T10:05:06Z' while content on disk has modification time of '2025-08-03T15:11:43Z'
  ERROR: Build asset version error: assets/_scripts/scorecontroller.cs in SourceAssetDB has modification time of '2025-08-02T10:05:06Z' while content on disk has modification time of '2025-08-03T15:11:43Z'
Number of updated asset objects reloaded before import = 0
Number of asset objects unloaded after import = 0
========================================================================
Received Import Request.
  Time since last request: 0.015199 seconds.
  path: Assets/_Scripts/ScoreController.cs
  artifactKey: Guid(df1427d2f6c69d5cf8d32483eb8f3989) Importer(815301076,1909f56bfc062723c751e8b465ee728b)
Start importing Assets/_Scripts/ScoreController.cs using Guid(df1427d2f6c69d5cf8d32483eb8f3989) Importer(815301076,1909f56bfc062723c751e8b465ee728b) [PhysX] Initialized MultithreadedTaskDispatcher with 8 workers.
 -> (artifact id: '00000000000000000000000000000000') in 0.000360 seconds
Import Error Code:(4)
Message: Build asset version error: assets/_scripts/scorecontroller.cs in SourceAssetDB has modification time of '2025-08-02T10:05:06Z' while content on disk has modification time of '2025-08-03T15:11:43Z'
  ERROR: Build asset version error: assets/_scripts/scorecontroller.cs in SourceAssetDB has modification time of '2025-08-02T10:05:06Z' while content on disk has modification time of '2025-08-03T15:11:43Z'
Number of updated asset objects reloaded before import = 0
Number of asset objects unloaded after import = 0
========================================================================
Received Import Request.
  Time since last request: 0.015961 seconds.
  path: Assets/_Scripts/ScoreController.cs
  artifactKey: Guid(df1427d2f6c69d5cf8d32483eb8f3989) Importer(815301076,1909f56bfc062723c751e8b465ee728b)
Start importing Assets/_Scripts/ScoreController.cs using Guid(df1427d2f6c69d5cf8d32483eb8f3989) Importer(815301076,1909f56bfc062723c751e8b465ee728b) [PhysX] Initialized MultithreadedTaskDispatcher with 8 workers.
 -> (artifact id: '00000000000000000000000000000000') in 0.000399 seconds
Import Error Code:(4)
Message: Build asset version error: assets/_scripts/scorecontroller.cs in SourceAssetDB has modification time of '2025-08-02T10:05:06Z' while content on disk has modification time of '2025-08-03T15:11:43Z'
  ERROR: Build asset version error: assets/_scripts/scorecontroller.cs in SourceAssetDB has modification time of '2025-08-02T10:05:06Z' while content on disk has modification time of '2025-08-03T15:11:43Z'
Number of updated asset objects reloaded before import = 0
Number of asset objects unloaded after import = 0
========================================================================
Received Import Request.
  Time since last request: 0.015792 seconds.
  path: Assets/_Scripts/ScoreController.cs
  artifactKey: Guid(df1427d2f6c69d5cf8d32483eb8f3989) Importer(815301076,1909f56bfc062723c751e8b465ee728b)
Start importing Assets/_Scripts/ScoreController.cs using Guid(df1427d2f6c69d5cf8d32483eb8f3989) Importer(815301076,1909f56bfc062723c751e8b465ee728b) [PhysX] Initialized MultithreadedTaskDispatcher with 8 workers.
 -> (artifact id: '00000000000000000000000000000000') in 0.000406 seconds
Import Error Code:(4)
Message: Build asset version error: assets/_scripts/scorecontroller.cs in SourceAssetDB has modification time of '2025-08-02T10:05:06Z' while content on disk has modification time of '2025-08-03T15:11:43Z'
  ERROR: Build asset version error: assets/_scripts/scorecontroller.cs in SourceAssetDB has modification time of '2025-08-02T10:05:06Z' while content on disk has modification time of '2025-08-03T15:11:43Z'
Number of updated asset objects reloaded before import = 0
Number of asset objects unloaded after import = 0
========================================================================
Received Import Request.
  Time since last request: 0.016136 seconds.
  path: Assets/_Scripts/ScoreController.cs
  artifactKey: Guid(df1427d2f6c69d5cf8d32483eb8f3989) Importer(815301076,1909f56bfc062723c751e8b465ee728b)
Start importing Assets/_Scripts/ScoreController.cs using Guid(df1427d2f6c69d5cf8d32483eb8f3989) Importer(815301076,1909f56bfc062723c751e8b465ee728b) [PhysX] Initialized MultithreadedTaskDispatcher with 8 workers.
 -> (artifact id: '00000000000000000000000000000000') in 0.000423 seconds
Import Error Code:(4)
Message: Build asset version error: assets/_scripts/scorecontroller.cs in SourceAssetDB has modification time of '2025-08-02T10:05:06Z' while content on disk has modification time of '2025-08-03T15:11:43Z'
  ERROR: Build asset version error: assets/_scripts/scorecontroller.cs in SourceAssetDB has modification time of '2025-08-02T10:05:06Z' while content on disk has modification time of '2025-08-03T15:11:43Z'
Number of updated asset objects reloaded before import = 0
Number of asset objects unloaded after import = 0
========================================================================
Received Import Request.
  Time since last request: 0.015643 seconds.
  path: Assets/_Scripts/ScoreController.cs
  artifactKey: Guid(df1427d2f6c69d5cf8d32483eb8f3989) Importer(815301076,1909f56bfc062723c751e8b465ee728b)
Start importing Assets/_Scripts/ScoreController.cs using Guid(df1427d2f6c69d5cf8d32483eb8f3989) Importer(815301076,1909f56bfc062723c751e8b465ee728b) [PhysX] Initialized MultithreadedTaskDispatcher with 8 workers.
 -> (artifact id: '00000000000000000000000000000000') in 0.000416 seconds
Import Error Code:(4)
Message: Build asset version error: assets/_scripts/scorecontroller.cs in SourceAssetDB has modification time of '2025-08-02T10:05:06Z' while content on disk has modification time of '2025-08-03T15:11:43Z'
  ERROR: Build asset version error: assets/_scripts/scorecontroller.cs in SourceAssetDB has modification time of '2025-08-02T10:05:06Z' while content on disk has modification time of '2025-08-03T15:11:43Z'
Number of updated asset objects reloaded before import = 0
Number of asset objects unloaded after import = 0
========================================================================
Received Import Request.
  Time since last request: 0.015537 seconds.
  path: Assets/_Scripts/ScoreController.cs
  artifactKey: Guid(df1427d2f6c69d5cf8d32483eb8f3989) Importer(815301076,1909f56bfc062723c751e8b465ee728b)
Start importing Assets/_Scripts/ScoreController.cs using Guid(df1427d2f6c69d5cf8d32483eb8f3989) Importer(815301076,1909f56bfc062723c751e8b465ee728b) [PhysX] Initialized MultithreadedTaskDispatcher with 8 workers.
 -> (artifact id: '00000000000000000000000000000000') in 0.000506 seconds
Import Error Code:(4)
Message: Build asset version error: assets/_scripts/scorecontroller.cs in SourceAssetDB has modification time of '2025-08-02T10:05:06Z' while content on disk has modification time of '2025-08-03T15:11:43Z'
  ERROR: Build asset version error: assets/_scripts/scorecontroller.cs in SourceAssetDB has modification time of '2025-08-02T10:05:06Z' while content on disk has modification time of '2025-08-03T15:11:43Z'
Number of updated asset objects reloaded before import = 0
Number of asset objects unloaded after import = 0
========================================================================
Received Import Request.
  Time since last request: 0.015771 seconds.
  path: Assets/_Scripts/ScoreController.cs
  artifactKey: Guid(df1427d2f6c69d5cf8d32483eb8f3989) Importer(815301076,1909f56bfc062723c751e8b465ee728b)
Start importing Assets/_Scripts/ScoreController.cs using Guid(df1427d2f6c69d5cf8d32483eb8f3989) Importer(815301076,1909f56bfc062723c751e8b465ee728b) [PhysX] Initialized MultithreadedTaskDispatcher with 8 workers.
 -> (artifact id: '00000000000000000000000000000000') in 0.000775 seconds
Import Error Code:(4)
Message: Build asset version error: assets/_scripts/scorecontroller.cs in SourceAssetDB has modification time of '2025-08-02T10:05:06Z' while content on disk has modification time of '2025-08-03T15:11:43Z'
  ERROR: Build asset version error: assets/_scripts/scorecontroller.cs in SourceAssetDB has modification time of '2025-08-02T10:05:06Z' while content on disk has modification time of '2025-08-03T15:11:43Z'
Number of updated asset objects reloaded before import = 0
Number of asset objects unloaded after import = 0
========================================================================
Received Import Request.
  Time since last request: 0.015247 seconds.
  path: Assets/_Scripts/ScoreController.cs
  artifactKey: Guid(df1427d2f6c69d5cf8d32483eb8f3989) Importer(815301076,1909f56bfc062723c751e8b465ee728b)
Start importing Assets/_Scripts/ScoreController.cs using Guid(df1427d2f6c69d5cf8d32483eb8f3989) Importer(815301076,1909f56bfc062723c751e8b465ee728b) [PhysX] Initialized MultithreadedTaskDispatcher with 8 workers.
 -> (artifact id: '00000000000000000000000000000000') in 0.000485 seconds
Import Error Code:(4)
Message: Build asset version error: assets/_scripts/scorecontroller.cs in SourceAssetDB has modification time of '2025-08-02T10:05:06Z' while content on disk has modification time of '2025-08-03T15:11:43Z'
  ERROR: Build asset version error: assets/_scripts/scorecontroller.cs in SourceAssetDB has modification time of '2025-08-02T10:05:06Z' while content on disk has modification time of '2025-08-03T15:11:43Z'
Number of updated asset objects reloaded before import = 0
Number of asset objects unloaded after import = 0
========================================================================
Received Import Request.
  Time since last request: 0.015403 seconds.
  path: Assets/_Scripts/ScoreController.cs
  artifactKey: Guid(df1427d2f6c69d5cf8d32483eb8f3989) Importer(815301076,1909f56bfc062723c751e8b465ee728b)
Start importing Assets/_Scripts/ScoreController.cs using Guid(df1427d2f6c69d5cf8d32483eb8f3989) Importer(815301076,1909f56bfc062723c751e8b465ee728b) [PhysX] Initialized MultithreadedTaskDispatcher with 8 workers.
 -> (artifact id: '00000000000000000000000000000000') in 0.000494 seconds
Import Error Code:(4)
Message: Build asset version error: assets/_scripts/scorecontroller.cs in SourceAssetDB has modification time of '2025-08-02T10:05:06Z' while content on disk has modification time of '2025-08-03T15:11:43Z'
  ERROR: Build asset version error: assets/_scripts/scorecontroller.cs in SourceAssetDB has modification time of '2025-08-02T10:05:06Z' while content on disk has modification time of '2025-08-03T15:11:43Z'
Number of updated asset objects reloaded before import = 0
Number of asset objects unloaded after import = 0
========================================================================
Received Import Request.
  Time since last request: 0.016423 seconds.
  path: Assets/_Scripts/ScoreController.cs
  artifactKey: Guid(df1427d2f6c69d5cf8d32483eb8f3989) Importer(815301076,1909f56bfc062723c751e8b465ee728b)
Start importing Assets/_Scripts/ScoreController.cs using Guid(df1427d2f6c69d5cf8d32483eb8f3989) Importer(815301076,1909f56bfc062723c751e8b465ee728b) [PhysX] Initialized MultithreadedTaskDispatcher with 8 workers.
 -> (artifact id: '00000000000000000000000000000000') in 0.000510 seconds
Import Error Code:(4)
Message: Build asset version error: assets/_scripts/scorecontroller.cs in SourceAssetDB has modification time of '2025-08-02T10:05:06Z' while content on disk has modification time of '2025-08-03T15:11:43Z'
  ERROR: Build asset version error: assets/_scripts/scorecontroller.cs in SourceAssetDB has modification time of '2025-08-02T10:05:06Z' while content on disk has modification time of '2025-08-03T15:11:43Z'
Number of updated asset objects reloaded before import = 0
Number of asset objects unloaded after import = 0
========================================================================
Received Import Request.
  Time since last request: 0.015486 seconds.
  path: Assets/_Scripts/ScoreController.cs
  artifactKey: Guid(df1427d2f6c69d5cf8d32483eb8f3989) Importer(815301076,1909f56bfc062723c751e8b465ee728b)
Start importing Assets/_Scripts/ScoreController.cs using Guid(df1427d2f6c69d5cf8d32483eb8f3989) Importer(815301076,1909f56bfc062723c751e8b465ee728b) [PhysX] Initialized MultithreadedTaskDispatcher with 8 workers.
 -> (artifact id: '00000000000000000000000000000000') in 0.000492 seconds
Import Error Code:(4)
Message: Build asset version error: assets/_scripts/scorecontroller.cs in SourceAssetDB has modification time of '2025-08-02T10:05:06Z' while content on disk has modification time of '2025-08-03T15:11:43Z'
  ERROR: Build asset version error: assets/_scripts/scorecontroller.cs in SourceAssetDB has modification time of '2025-08-02T10:05:06Z' while content on disk has modification time of '2025-08-03T15:11:43Z'
Number of updated asset objects reloaded before import = 0
Number of asset objects unloaded after import = 0
========================================================================
Received Import Request.
  Time since last request: 0.014406 seconds.
  path: Assets/_Scripts/ScoreController.cs
  artifactKey: Guid(df1427d2f6c69d5cf8d32483eb8f3989) Importer(815301076,1909f56bfc062723c751e8b465ee728b)
Start importing Assets/_Scripts/ScoreController.cs using Guid(df1427d2f6c69d5cf8d32483eb8f3989) Importer(815301076,1909f56bfc062723c751e8b465ee728b) [PhysX] Initialized MultithreadedTaskDispatcher with 8 workers.
 -> (artifact id: '00000000000000000000000000000000') in 0.000614 seconds
Import Error Code:(4)
Message: Build asset version error: assets/_scripts/scorecontroller.cs in SourceAssetDB has modification time of '2025-08-02T10:05:06Z' while content on disk has modification time of '2025-08-03T15:11:43Z'
  ERROR: Build asset version error: assets/_scripts/scorecontroller.cs in SourceAssetDB has modification time of '2025-08-02T10:05:06Z' while content on disk has modification time of '2025-08-03T15:11:43Z'
Number of updated asset objects reloaded before import = 0
Number of asset objects unloaded after import = 0
========================================================================
Received Import Request.
  Time since last request: 0.016597 seconds.
  path: Assets/_Scripts/ScoreController.cs
  artifactKey: Guid(df1427d2f6c69d5cf8d32483eb8f3989) Importer(815301076,1909f56bfc062723c751e8b465ee728b)
Start importing Assets/_Scripts/ScoreController.cs using Guid(df1427d2f6c69d5cf8d32483eb8f3989) Importer(815301076,1909f56bfc062723c751e8b465ee728b) [PhysX] Initialized MultithreadedTaskDispatcher with 8 workers.
 -> (artifact id: '00000000000000000000000000000000') in 0.000489 seconds
Import Error Code:(4)
Message: Build asset version error: assets/_scripts/scorecontroller.cs in SourceAssetDB has modification time of '2025-08-02T10:05:06Z' while content on disk has modification time of '2025-08-03T15:11:43Z'
  ERROR: Build asset version error: assets/_scripts/scorecontroller.cs in SourceAssetDB has modification time of '2025-08-02T10:05:06Z' while content on disk has modification time of '2025-08-03T15:11:43Z'
Number of updated asset objects reloaded before import = 0
Number of asset objects unloaded after import = 0
========================================================================
Received Import Request.
  Time since last request: 0.015846 seconds.
  path: Assets/_Scripts/ScoreController.cs
  artifactKey: Guid(df1427d2f6c69d5cf8d32483eb8f3989) Importer(815301076,1909f56bfc062723c751e8b465ee728b)
Start importing Assets/_Scripts/ScoreController.cs using Guid(df1427d2f6c69d5cf8d32483eb8f3989) Importer(815301076,1909f56bfc062723c751e8b465ee728b) [PhysX] Initialized MultithreadedTaskDispatcher with 8 workers.
 -> (artifact id: '00000000000000000000000000000000') in 0.000502 seconds
Import Error Code:(4)
Message: Build asset version error: assets/_scripts/scorecontroller.cs in SourceAssetDB has modification time of '2025-08-02T10:05:06Z' while content on disk has modification time of '2025-08-03T15:11:43Z'
  ERROR: Build asset version error: assets/_scripts/scorecontroller.cs in SourceAssetDB has modification time of '2025-08-02T10:05:06Z' while content on disk has modification time of '2025-08-03T15:11:43Z'
Number of updated asset objects reloaded before import = 0
Number of asset objects unloaded after import = 0
========================================================================
Received Import Request.
  Time since last request: 0.016338 seconds.
  path: Assets/_Scripts/ScoreController.cs
  artifactKey: Guid(df1427d2f6c69d5cf8d32483eb8f3989) Importer(815301076,1909f56bfc062723c751e8b465ee728b)
Start importing Assets/_Scripts/ScoreController.cs using Guid(df1427d2f6c69d5cf8d32483eb8f3989) Importer(815301076,1909f56bfc062723c751e8b465ee728b) [PhysX] Initialized MultithreadedTaskDispatcher with 8 workers.
 -> (artifact id: '00000000000000000000000000000000') in 0.000461 seconds
Import Error Code:(4)
Message: Build asset version error: assets/_scripts/scorecontroller.cs in SourceAssetDB has modification time of '2025-08-02T10:05:06Z' while content on disk has modification time of '2025-08-03T15:11:43Z'
  ERROR: Build asset version error: assets/_scripts/scorecontroller.cs in SourceAssetDB has modification time of '2025-08-02T10:05:06Z' while content on disk has modification time of '2025-08-03T15:11:43Z'
Number of updated asset objects reloaded before import = 0
Number of asset objects unloaded after import = 0
========================================================================
Received Import Request.
  Time since last request: 0.015394 seconds.
  path: Assets/_Scripts/ScoreController.cs
  artifactKey: Guid(df1427d2f6c69d5cf8d32483eb8f3989) Importer(815301076,1909f56bfc062723c751e8b465ee728b)
Start importing Assets/_Scripts/ScoreController.cs using Guid(df1427d2f6c69d5cf8d32483eb8f3989) Importer(815301076,1909f56bfc062723c751e8b465ee728b) [PhysX] Initialized MultithreadedTaskDispatcher with 8 workers.
 -> (artifact id: '00000000000000000000000000000000') in 0.000385 seconds
Import Error Code:(4)
Message: Build asset version error: assets/_scripts/scorecontroller.cs in SourceAssetDB has modification time of '2025-08-02T10:05:06Z' while content on disk has modification time of '2025-08-03T15:11:43Z'
  ERROR: Build asset version error: assets/_scripts/scorecontroller.cs in SourceAssetDB has modification time of '2025-08-02T10:05:06Z' while content on disk has modification time of '2025-08-03T15:11:43Z'
Number of updated asset objects reloaded before import = 0
Number of asset objects unloaded after import = 0
========================================================================
Received Import Request.
  Time since last request: 0.015726 seconds.
  path: Assets/_Scripts/ScoreController.cs
  artifactKey: Guid(df1427d2f6c69d5cf8d32483eb8f3989) Importer(815301076,1909f56bfc062723c751e8b465ee728b)
Start importing Assets/_Scripts/ScoreController.cs using Guid(df1427d2f6c69d5cf8d32483eb8f3989) Importer(815301076,1909f56bfc062723c751e8b465ee728b) [PhysX] Initialized MultithreadedTaskDispatcher with 8 workers.
 -> (artifact id: '00000000000000000000000000000000') in 0.000401 seconds
Import Error Code:(4)
Message: Build asset version error: assets/_scripts/scorecontroller.cs in SourceAssetDB has modification time of '2025-08-02T10:05:06Z' while content on disk has modification time of '2025-08-03T15:11:43Z'
  ERROR: Build asset version error: assets/_scripts/scorecontroller.cs in SourceAssetDB has modification time of '2025-08-02T10:05:06Z' while content on disk has modification time of '2025-08-03T15:11:43Z'
Number of updated asset objects reloaded before import = 0
Number of asset objects unloaded after import = 0
========================================================================
Received Import Request.
  Time since last request: 0.016287 seconds.
  path: Assets/_Scripts/ScoreController.cs
  artifactKey: Guid(df1427d2f6c69d5cf8d32483eb8f3989) Importer(815301076,1909f56bfc062723c751e8b465ee728b)
Start importing Assets/_Scripts/ScoreController.cs using Guid(df1427d2f6c69d5cf8d32483eb8f3989) Importer(815301076,1909f56bfc062723c751e8b465ee728b) [PhysX] Initialized MultithreadedTaskDispatcher with 8 workers.
 -> (artifact id: '00000000000000000000000000000000') in 0.000435 seconds
Import Error Code:(4)
Message: Build asset version error: assets/_scripts/scorecontroller.cs in SourceAssetDB has modification time of '2025-08-02T10:05:06Z' while content on disk has modification time of '2025-08-03T15:11:43Z'
  ERROR: Build asset version error: assets/_scripts/scorecontroller.cs in SourceAssetDB has modification time of '2025-08-02T10:05:06Z' while content on disk has modification time of '2025-08-03T15:11:43Z'
Number of updated asset objects reloaded before import = 0
Number of asset objects unloaded after import = 0
========================================================================
Received Import Request.
  Time since last request: 0.015272 seconds.
  path: Assets/_Scripts/ScoreController.cs
  artifactKey: Guid(df1427d2f6c69d5cf8d32483eb8f3989) Importer(815301076,1909f56bfc062723c751e8b465ee728b)
Start importing Assets/_Scripts/ScoreController.cs using Guid(df1427d2f6c69d5cf8d32483eb8f3989) Importer(815301076,1909f56bfc062723c751e8b465ee728b) [PhysX] Initialized MultithreadedTaskDispatcher with 8 workers.
 -> (artifact id: '00000000000000000000000000000000') in 0.000453 seconds
Import Error Code:(4)
Message: Build asset version error: assets/_scripts/scorecontroller.cs in SourceAssetDB has modification time of '2025-08-02T10:05:06Z' while content on disk has modification time of '2025-08-03T15:11:43Z'
  ERROR: Build asset version error: assets/_scripts/scorecontroller.cs in SourceAssetDB has modification time of '2025-08-02T10:05:06Z' while content on disk has modification time of '2025-08-03T15:11:43Z'
Number of updated asset objects reloaded before import = 0
Number of asset objects unloaded after import = 0
========================================================================
Received Import Request.
  Time since last request: 0.014873 seconds.
  path: Assets/_Scripts/ScoreController.cs
  artifactKey: Guid(df1427d2f6c69d5cf8d32483eb8f3989) Importer(815301076,1909f56bfc062723c751e8b465ee728b)
Start importing Assets/_Scripts/ScoreController.cs using Guid(df1427d2f6c69d5cf8d32483eb8f3989) Importer(815301076,1909f56bfc062723c751e8b465ee728b) [PhysX] Initialized MultithreadedTaskDispatcher with 8 workers.
 -> (artifact id: '00000000000000000000000000000000') in 0.000605 seconds
Import Error Code:(4)
Message: Build asset version error: assets/_scripts/scorecontroller.cs in SourceAssetDB has modification time of '2025-08-02T10:05:06Z' while content on disk has modification time of '2025-08-03T15:11:43Z'
  ERROR: Build asset version error: assets/_scripts/scorecontroller.cs in SourceAssetDB has modification time of '2025-08-02T10:05:06Z' while content on disk has modification time of '2025-08-03T15:11:43Z'
Number of updated asset objects reloaded before import = 0
Number of asset objects unloaded after import = 0
========================================================================
Received Import Request.
  Time since last request: 0.016200 seconds.
  path: Assets/_Scripts/ScoreController.cs
  artifactKey: Guid(df1427d2f6c69d5cf8d32483eb8f3989) Importer(815301076,1909f56bfc062723c751e8b465ee728b)
Start importing Assets/_Scripts/ScoreController.cs using Guid(df1427d2f6c69d5cf8d32483eb8f3989) Importer(815301076,1909f56bfc062723c751e8b465ee728b) [PhysX] Initialized MultithreadedTaskDispatcher with 8 workers.
 -> (artifact id: '00000000000000000000000000000000') in 0.000485 seconds
Import Error Code:(4)
Message: Build asset version error: assets/_scripts/scorecontroller.cs in SourceAssetDB has modification time of '2025-08-02T10:05:06Z' while content on disk has modification time of '2025-08-03T15:11:43Z'
  ERROR: Build asset version error: assets/_scripts/scorecontroller.cs in SourceAssetDB has modification time of '2025-08-02T10:05:06Z' while content on disk has modification time of '2025-08-03T15:11:43Z'
Number of updated asset objects reloaded before import = 0
Number of asset objects unloaded after import = 0
========================================================================
Received Import Request.
  Time since last request: 0.017645 seconds.
  path: Assets/_Scripts/ScoreController.cs
  artifactKey: Guid(df1427d2f6c69d5cf8d32483eb8f3989) Importer(815301076,1909f56bfc062723c751e8b465ee728b)
Start importing Assets/_Scripts/ScoreController.cs using Guid(df1427d2f6c69d5cf8d32483eb8f3989) Importer(815301076,1909f56bfc062723c751e8b465ee728b) [PhysX] Initialized MultithreadedTaskDispatcher with 8 workers.
 -> (artifact id: '00000000000000000000000000000000') in 0.000449 seconds
Import Error Code:(4)
Message: Build asset version error: assets/_scripts/scorecontroller.cs in SourceAssetDB has modification time of '2025-08-02T10:05:06Z' while content on disk has modification time of '2025-08-03T15:11:43Z'
  ERROR: Build asset version error: assets/_scripts/scorecontroller.cs in SourceAssetDB has modification time of '2025-08-02T10:05:06Z' while content on disk has modification time of '2025-08-03T15:11:43Z'
Number of updated asset objects reloaded before import = 0
Number of asset objects unloaded after import = 0
========================================================================
Received Import Request.
  Time since last request: 0.015530 seconds.
  path: Assets/_Scripts/ScoreController.cs
  artifactKey: Guid(df1427d2f6c69d5cf8d32483eb8f3989) Importer(815301076,1909f56bfc062723c751e8b465ee728b)
Start importing Assets/_Scripts/ScoreController.cs using Guid(df1427d2f6c69d5cf8d32483eb8f3989) Importer(815301076,1909f56bfc062723c751e8b465ee728b) [PhysX] Initialized MultithreadedTaskDispatcher with 8 workers.
 -> (artifact id: '00000000000000000000000000000000') in 0.000450 seconds
Import Error Code:(4)
Message: Build asset version error: assets/_scripts/scorecontroller.cs in SourceAssetDB has modification time of '2025-08-02T10:05:06Z' while content on disk has modification time of '2025-08-03T15:11:43Z'
  ERROR: Build asset version error: assets/_scripts/scorecontroller.cs in SourceAssetDB has modification time of '2025-08-02T10:05:06Z' while content on disk has modification time of '2025-08-03T15:11:43Z'
Number of updated asset objects reloaded before import = 0
Number of asset objects unloaded after import = 0
========================================================================
Received Import Request.
  Time since last request: 0.013520 seconds.
  path: Assets/_Scripts/ScoreController.cs
  artifactKey: Guid(df1427d2f6c69d5cf8d32483eb8f3989) Importer(815301076,1909f56bfc062723c751e8b465ee728b)
Start importing Assets/_Scripts/ScoreController.cs using Guid(df1427d2f6c69d5cf8d32483eb8f3989) Importer(815301076,1909f56bfc062723c751e8b465ee728b) [PhysX] Initialized MultithreadedTaskDispatcher with 8 workers.
 -> (artifact id: '00000000000000000000000000000000') in 0.000403 seconds
Import Error Code:(4)
Message: Build asset version error: assets/_scripts/scorecontroller.cs in SourceAssetDB has modification time of '2025-08-02T10:05:06Z' while content on disk has modification time of '2025-08-03T15:11:43Z'
  ERROR: Build asset version error: assets/_scripts/scorecontroller.cs in SourceAssetDB has modification time of '2025-08-02T10:05:06Z' while content on disk has modification time of '2025-08-03T15:11:43Z'
Number of updated asset objects reloaded before import = 0
Number of asset objects unloaded after import = 0
========================================================================
Received Import Request.
  Time since last request: 0.015799 seconds.
  path: Assets/_Scripts/ScoreController.cs
  artifactKey: Guid(df1427d2f6c69d5cf8d32483eb8f3989) Importer(815301076,1909f56bfc062723c751e8b465ee728b)
Start importing Assets/_Scripts/ScoreController.cs using Guid(df1427d2f6c69d5cf8d32483eb8f3989) Importer(815301076,1909f56bfc062723c751e8b465ee728b) [PhysX] Initialized MultithreadedTaskDispatcher with 8 workers.
 -> (artifact id: '00000000000000000000000000000000') in 0.000427 seconds
Import Error Code:(4)
Message: Build asset version error: assets/_scripts/scorecontroller.cs in SourceAssetDB has modification time of '2025-08-02T10:05:06Z' while content on disk has modification time of '2025-08-03T15:11:43Z'
  ERROR: Build asset version error: assets/_scripts/scorecontroller.cs in SourceAssetDB has modification time of '2025-08-02T10:05:06Z' while content on disk has modification time of '2025-08-03T15:11:43Z'
Number of updated asset objects reloaded before import = 0
Number of asset objects unloaded after import = 0
========================================================================
Received Import Request.
  Time since last request: 0.020482 seconds.
  path: Assets/_Scripts/ScoreController.cs
  artifactKey: Guid(df1427d2f6c69d5cf8d32483eb8f3989) Importer(815301076,1909f56bfc062723c751e8b465ee728b)
Start importing Assets/_Scripts/ScoreController.cs using Guid(df1427d2f6c69d5cf8d32483eb8f3989) Importer(815301076,1909f56bfc062723c751e8b465ee728b) [PhysX] Initialized MultithreadedTaskDispatcher with 8 workers.
 -> (artifact id: '00000000000000000000000000000000') in 0.000398 seconds
Import Error Code:(4)
Message: Build asset version error: assets/_scripts/scorecontroller.cs in SourceAssetDB has modification time of '2025-08-02T10:05:06Z' while content on disk has modification time of '2025-08-03T15:11:43Z'
  ERROR: Build asset version error: assets/_scripts/scorecontroller.cs in SourceAssetDB has modification time of '2025-08-02T10:05:06Z' while content on disk has modification time of '2025-08-03T15:11:43Z'
Number of updated asset objects reloaded before import = 0
Number of asset objects unloaded after import = 0
========================================================================
Received Import Request.
  Time since last request: 0.011348 seconds.
  path: Assets/_Scripts/ScoreController.cs
  artifactKey: Guid(df1427d2f6c69d5cf8d32483eb8f3989) Importer(815301076,1909f56bfc062723c751e8b465ee728b)
Start importing Assets/_Scripts/ScoreController.cs using Guid(df1427d2f6c69d5cf8d32483eb8f3989) Importer(815301076,1909f56bfc062723c751e8b465ee728b) [PhysX] Initialized MultithreadedTaskDispatcher with 8 workers.
 -> (artifact id: '00000000000000000000000000000000') in 0.000825 seconds
Import Error Code:(4)
Message: Build asset version error: assets/_scripts/scorecontroller.cs in SourceAssetDB has modification time of '2025-08-02T10:05:06Z' while content on disk has modification time of '2025-08-03T15:11:43Z'
  ERROR: Build asset version error: assets/_scripts/scorecontroller.cs in SourceAssetDB has modification time of '2025-08-02T10:05:06Z' while content on disk has modification time of '2025-08-03T15:11:43Z'
Number of updated asset objects reloaded before import = 0
Number of asset objects unloaded after import = 0
========================================================================
Received Import Request.
  Time since last request: 0.015253 seconds.
  path: Assets/_Scripts/ScoreController.cs
  artifactKey: Guid(df1427d2f6c69d5cf8d32483eb8f3989) Importer(815301076,1909f56bfc062723c751e8b465ee728b)
Start importing Assets/_Scripts/ScoreController.cs using Guid(df1427d2f6c69d5cf8d32483eb8f3989) Importer(815301076,1909f56bfc062723c751e8b465ee728b) [PhysX] Initialized MultithreadedTaskDispatcher with 8 workers.
 -> (artifact id: '00000000000000000000000000000000') in 0.000484 seconds
Import Error Code:(4)
Message: Build asset version error: assets/_scripts/scorecontroller.cs in SourceAssetDB has modification time of '2025-08-02T10:05:06Z' while content on disk has modification time of '2025-08-03T15:11:43Z'
  ERROR: Build asset version error: assets/_scripts/scorecontroller.cs in SourceAssetDB has modification time of '2025-08-02T10:05:06Z' while content on disk has modification time of '2025-08-03T15:11:43Z'
Number of updated asset objects reloaded before import = 0
Number of asset objects unloaded after import = 0
========================================================================
Received Import Request.
  Time since last request: 0.016211 seconds.
  path: Assets/_Scripts/ScoreController.cs
  artifactKey: Guid(df1427d2f6c69d5cf8d32483eb8f3989) Importer(815301076,1909f56bfc062723c751e8b465ee728b)
Start importing Assets/_Scripts/ScoreController.cs using Guid(df1427d2f6c69d5cf8d32483eb8f3989) Importer(815301076,1909f56bfc062723c751e8b465ee728b) [PhysX] Initialized MultithreadedTaskDispatcher with 8 workers.
 -> (artifact id: '00000000000000000000000000000000') in 0.000497 seconds
Import Error Code:(4)
Message: Build asset version error: assets/_scripts/scorecontroller.cs in SourceAssetDB has modification time of '2025-08-02T10:05:06Z' while content on disk has modification time of '2025-08-03T15:11:43Z'
  ERROR: Build asset version error: assets/_scripts/scorecontroller.cs in SourceAssetDB has modification time of '2025-08-02T10:05:06Z' while content on disk has modification time of '2025-08-03T15:11:43Z'
Number of updated asset objects reloaded before import = 0
Number of asset objects unloaded after import = 0
========================================================================
Received Import Request.
  Time since last request: 0.016516 seconds.
  path: Assets/_Scripts/ScoreController.cs
  artifactKey: Guid(df1427d2f6c69d5cf8d32483eb8f3989) Importer(815301076,1909f56bfc062723c751e8b465ee728b)
Start importing Assets/_Scripts/ScoreController.cs using Guid(df1427d2f6c69d5cf8d32483eb8f3989) Importer(815301076,1909f56bfc062723c751e8b465ee728b) [PhysX] Initialized MultithreadedTaskDispatcher with 8 workers.
 -> (artifact id: '00000000000000000000000000000000') in 0.000508 seconds
Import Error Code:(4)
Message: Build asset version error: assets/_scripts/scorecontroller.cs in SourceAssetDB has modification time of '2025-08-02T10:05:06Z' while content on disk has modification time of '2025-08-03T15:11:43Z'
  ERROR: Build asset version error: assets/_scripts/scorecontroller.cs in SourceAssetDB has modification time of '2025-08-02T10:05:06Z' while content on disk has modification time of '2025-08-03T15:11:43Z'
Number of updated asset objects reloaded before import = 0
Number of asset objects unloaded after import = 0
========================================================================
Received Import Request.
  Time since last request: 0.014408 seconds.
  path: Assets/_Scripts/ScoreController.cs
  artifactKey: Guid(df1427d2f6c69d5cf8d32483eb8f3989) Importer(815301076,1909f56bfc062723c751e8b465ee728b)
Start importing Assets/_Scripts/ScoreController.cs using Guid(df1427d2f6c69d5cf8d32483eb8f3989) Importer(815301076,1909f56bfc062723c751e8b465ee728b) [PhysX] Initialized MultithreadedTaskDispatcher with 8 workers.
 -> (artifact id: '00000000000000000000000000000000') in 0.000521 seconds
Import Error Code:(4)
Message: Build asset version error: assets/_scripts/scorecontroller.cs in SourceAssetDB has modification time of '2025-08-02T10:05:06Z' while content on disk has modification time of '2025-08-03T15:11:43Z'
  ERROR: Build asset version error: assets/_scripts/scorecontroller.cs in SourceAssetDB has modification time of '2025-08-02T10:05:06Z' while content on disk has modification time of '2025-08-03T15:11:43Z'
Number of updated asset objects reloaded before import = 0
Number of asset objects unloaded after import = 0
========================================================================
Received Import Request.
  Time since last request: 0.016019 seconds.
  path: Assets/_Scripts/ScoreController.cs
  artifactKey: Guid(df1427d2f6c69d5cf8d32483eb8f3989) Importer(815301076,1909f56bfc062723c751e8b465ee728b)
Start importing Assets/_Scripts/ScoreController.cs using Guid(df1427d2f6c69d5cf8d32483eb8f3989) Importer(815301076,1909f56bfc062723c751e8b465ee728b) [PhysX] Initialized MultithreadedTaskDispatcher with 8 workers.
 -> (artifact id: '00000000000000000000000000000000') in 0.000519 seconds
Import Error Code:(4)
Message: Build asset version error: assets/_scripts/scorecontroller.cs in SourceAssetDB has modification time of '2025-08-02T10:05:06Z' while content on disk has modification time of '2025-08-03T15:11:43Z'
  ERROR: Build asset version error: assets/_scripts/scorecontroller.cs in SourceAssetDB has modification time of '2025-08-02T10:05:06Z' while content on disk has modification time of '2025-08-03T15:11:43Z'
Number of updated asset objects reloaded before import = 0
Number of asset objects unloaded after import = 0
========================================================================
Received Import Request.
  Time since last request: 0.015981 seconds.
  path: Assets/_Scripts/ScoreController.cs
  artifactKey: Guid(df1427d2f6c69d5cf8d32483eb8f3989) Importer(815301076,1909f56bfc062723c751e8b465ee728b)
Start importing Assets/_Scripts/ScoreController.cs using Guid(df1427d2f6c69d5cf8d32483eb8f3989) Importer(815301076,1909f56bfc062723c751e8b465ee728b) [PhysX] Initialized MultithreadedTaskDispatcher with 8 workers.
 -> (artifact id: '00000000000000000000000000000000') in 0.000493 seconds
Import Error Code:(4)
Message: Build asset version error: assets/_scripts/scorecontroller.cs in SourceAssetDB has modification time of '2025-08-02T10:05:06Z' while content on disk has modification time of '2025-08-03T15:11:43Z'
  ERROR: Build asset version error: assets/_scripts/scorecontroller.cs in SourceAssetDB has modification time of '2025-08-02T10:05:06Z' while content on disk has modification time of '2025-08-03T15:11:43Z'
Number of updated asset objects reloaded before import = 0
Number of asset objects unloaded after import = 0
========================================================================
Received Import Request.
  Time since last request: 0.014861 seconds.
  path: Assets/_Scripts/ScoreController.cs
  artifactKey: Guid(df1427d2f6c69d5cf8d32483eb8f3989) Importer(815301076,1909f56bfc062723c751e8b465ee728b)
Start importing Assets/_Scripts/ScoreController.cs using Guid(df1427d2f6c69d5cf8d32483eb8f3989) Importer(815301076,1909f56bfc062723c751e8b465ee728b) [PhysX] Initialized MultithreadedTaskDispatcher with 8 workers.
 -> (artifact id: '00000000000000000000000000000000') in 0.000506 seconds
Import Error Code:(4)
Message: Build asset version error: assets/_scripts/scorecontroller.cs in SourceAssetDB has modification time of '2025-08-02T10:05:06Z' while content on disk has modification time of '2025-08-03T15:11:43Z'
  ERROR: Build asset version error: assets/_scripts/scorecontroller.cs in SourceAssetDB has modification time of '2025-08-02T10:05:06Z' while content on disk has modification time of '2025-08-03T15:11:43Z'
Number of updated asset objects reloaded before import = 0
Number of asset objects unloaded after import = 0
========================================================================
Received Import Request.
  Time since last request: 0.015934 seconds.
  path: Assets/_Scripts/ScoreController.cs
  artifactKey: Guid(df1427d2f6c69d5cf8d32483eb8f3989) Importer(815301076,1909f56bfc062723c751e8b465ee728b)
Start importing Assets/_Scripts/ScoreController.cs using Guid(df1427d2f6c69d5cf8d32483eb8f3989) Importer(815301076,1909f56bfc062723c751e8b465ee728b) [PhysX] Initialized MultithreadedTaskDispatcher with 8 workers.
 -> (artifact id: '00000000000000000000000000000000') in 0.000479 seconds
Import Error Code:(4)
Message: Build asset version error: assets/_scripts/scorecontroller.cs in SourceAssetDB has modification time of '2025-08-02T10:05:06Z' while content on disk has modification time of '2025-08-03T15:11:43Z'
  ERROR: Build asset version error: assets/_scripts/scorecontroller.cs in SourceAssetDB has modification time of '2025-08-02T10:05:06Z' while content on disk has modification time of '2025-08-03T15:11:43Z'
Number of updated asset objects reloaded before import = 0
Number of asset objects unloaded after import = 0
========================================================================
Received Import Request.
  Time since last request: 0.015862 seconds.
  path: Assets/_Scripts/ScoreController.cs
  artifactKey: Guid(df1427d2f6c69d5cf8d32483eb8f3989) Importer(815301076,1909f56bfc062723c751e8b465ee728b)
Start importing Assets/_Scripts/ScoreController.cs using Guid(df1427d2f6c69d5cf8d32483eb8f3989) Importer(815301076,1909f56bfc062723c751e8b465ee728b) [PhysX] Initialized MultithreadedTaskDispatcher with 8 workers.
 -> (artifact id: '00000000000000000000000000000000') in 0.000479 seconds
Import Error Code:(4)
Message: Build asset version error: assets/_scripts/scorecontroller.cs in SourceAssetDB has modification time of '2025-08-02T10:05:06Z' while content on disk has modification time of '2025-08-03T15:11:43Z'
  ERROR: Build asset version error: assets/_scripts/scorecontroller.cs in SourceAssetDB has modification time of '2025-08-02T10:05:06Z' while content on disk has modification time of '2025-08-03T15:11:43Z'
Number of updated asset objects reloaded before import = 0
Number of asset objects unloaded after import = 0
========================================================================
Received Import Request.
  Time since last request: 0.016285 seconds.
  path: Assets/_Scripts/ScoreController.cs
  artifactKey: Guid(df1427d2f6c69d5cf8d32483eb8f3989) Importer(815301076,1909f56bfc062723c751e8b465ee728b)
Start importing Assets/_Scripts/ScoreController.cs using Guid(df1427d2f6c69d5cf8d32483eb8f3989) Importer(815301076,1909f56bfc062723c751e8b465ee728b) [PhysX] Initialized MultithreadedTaskDispatcher with 8 workers.
 -> (artifact id: '00000000000000000000000000000000') in 0.000499 seconds
Import Error Code:(4)
Message: Build asset version error: assets/_scripts/scorecontroller.cs in SourceAssetDB has modification time of '2025-08-02T10:05:06Z' while content on disk has modification time of '2025-08-03T15:11:43Z'
  ERROR: Build asset version error: assets/_scripts/scorecontroller.cs in SourceAssetDB has modification time of '2025-08-02T10:05:06Z' while content on disk has modification time of '2025-08-03T15:11:43Z'
Number of updated asset objects reloaded before import = 0
Number of asset objects unloaded after import = 0
========================================================================
Received Import Request.
  Time since last request: 0.015023 seconds.
  path: Assets/_Scripts/ScoreController.cs
  artifactKey: Guid(df1427d2f6c69d5cf8d32483eb8f3989) Importer(815301076,1909f56bfc062723c751e8b465ee728b)
Start importing Assets/_Scripts/ScoreController.cs using Guid(df1427d2f6c69d5cf8d32483eb8f3989) Importer(815301076,1909f56bfc062723c751e8b465ee728b) [PhysX] Initialized MultithreadedTaskDispatcher with 8 workers.
 -> (artifact id: '00000000000000000000000000000000') in 0.000534 seconds
Import Error Code:(4)
Message: Build asset version error: assets/_scripts/scorecontroller.cs in SourceAssetDB has modification time of '2025-08-02T10:05:06Z' while content on disk has modification time of '2025-08-03T15:11:43Z'
  ERROR: Build asset version error: assets/_scripts/scorecontroller.cs in SourceAssetDB has modification time of '2025-08-02T10:05:06Z' while content on disk has modification time of '2025-08-03T15:11:43Z'
Number of updated asset objects reloaded before import = 0
Number of asset objects unloaded after import = 0
========================================================================
Received Import Request.
  Time since last request: 0.015197 seconds.
  path: Assets/_Scripts/ScoreController.cs
  artifactKey: Guid(df1427d2f6c69d5cf8d32483eb8f3989) Importer(815301076,1909f56bfc062723c751e8b465ee728b)
Start importing Assets/_Scripts/ScoreController.cs using Guid(df1427d2f6c69d5cf8d32483eb8f3989) Importer(815301076,1909f56bfc062723c751e8b465ee728b) [PhysX] Initialized MultithreadedTaskDispatcher with 8 workers.
 -> (artifact id: '00000000000000000000000000000000') in 0.000697 seconds
Import Error Code:(4)
Message: Build asset version error: assets/_scripts/scorecontroller.cs in SourceAssetDB has modification time of '2025-08-02T10:05:06Z' while content on disk has modification time of '2025-08-03T15:11:43Z'
  ERROR: Build asset version error: assets/_scripts/scorecontroller.cs in SourceAssetDB has modification time of '2025-08-02T10:05:06Z' while content on disk has modification time of '2025-08-03T15:11:43Z'
Number of updated asset objects reloaded before import = 0
Number of asset objects unloaded after import = 0
========================================================================
Received Import Request.
  Time since last request: 0.015828 seconds.
  path: Assets/_Scripts/ScoreController.cs
  artifactKey: Guid(df1427d2f6c69d5cf8d32483eb8f3989) Importer(815301076,1909f56bfc062723c751e8b465ee728b)
Start importing Assets/_Scripts/ScoreController.cs using Guid(df1427d2f6c69d5cf8d32483eb8f3989) Importer(815301076,1909f56bfc062723c751e8b465ee728b) [PhysX] Initialized MultithreadedTaskDispatcher with 8 workers.
 -> (artifact id: '00000000000000000000000000000000') in 0.000487 seconds
Import Error Code:(4)
Message: Build asset version error: assets/_scripts/scorecontroller.cs in SourceAssetDB has modification time of '2025-08-02T10:05:06Z' while content on disk has modification time of '2025-08-03T15:11:43Z'
  ERROR: Build asset version error: assets/_scripts/scorecontroller.cs in SourceAssetDB has modification time of '2025-08-02T10:05:06Z' while content on disk has modification time of '2025-08-03T15:11:43Z'
Number of updated asset objects reloaded before import = 0
Number of asset objects unloaded after import = 0
========================================================================
Received Import Request.
  Time since last request: 0.015604 seconds.
  path: Assets/_Scripts/ScoreController.cs
  artifactKey: Guid(df1427d2f6c69d5cf8d32483eb8f3989) Importer(815301076,1909f56bfc062723c751e8b465ee728b)
Start importing Assets/_Scripts/ScoreController.cs using Guid(df1427d2f6c69d5cf8d32483eb8f3989) Importer(815301076,1909f56bfc062723c751e8b465ee728b) [PhysX] Initialized MultithreadedTaskDispatcher with 8 workers.
 -> (artifact id: '00000000000000000000000000000000') in 0.000503 seconds
Import Error Code:(4)
Message: Build asset version error: assets/_scripts/scorecontroller.cs in SourceAssetDB has modification time of '2025-08-02T10:05:06Z' while content on disk has modification time of '2025-08-03T15:11:43Z'
  ERROR: Build asset version error: assets/_scripts/scorecontroller.cs in SourceAssetDB has modification time of '2025-08-02T10:05:06Z' while content on disk has modification time of '2025-08-03T15:11:43Z'
Number of updated asset objects reloaded before import = 0
Number of asset objects unloaded after import = 0
========================================================================
Received Import Request.
  Time since last request: 0.032904 seconds.
  path: Assets/_Scripts/ScoreController.cs
  artifactKey: Guid(df1427d2f6c69d5cf8d32483eb8f3989) Importer(815301076,1909f56bfc062723c751e8b465ee728b)
Start importing Assets/_Scripts/ScoreController.cs using Guid(df1427d2f6c69d5cf8d32483eb8f3989) Importer(815301076,1909f56bfc062723c751e8b465ee728b) [PhysX] Initialized MultithreadedTaskDispatcher with 8 workers.
 -> (artifact id: '00000000000000000000000000000000') in 0.000519 seconds
Import Error Code:(4)
Message: Build asset version error: assets/_scripts/scorecontroller.cs in SourceAssetDB has modification time of '2025-08-02T10:05:06Z' while content on disk has modification time of '2025-08-03T15:11:43Z'
  ERROR: Build asset version error: assets/_scripts/scorecontroller.cs in SourceAssetDB has modification time of '2025-08-02T10:05:06Z' while content on disk has modification time of '2025-08-03T15:11:43Z'
Number of updated asset objects reloaded before import = 0
Number of asset objects unloaded after import = 0
========================================================================
Received Import Request.
  Time since last request: 0.011245 seconds.
  path: Assets/_Scripts/ScoreController.cs
  artifactKey: Guid(df1427d2f6c69d5cf8d32483eb8f3989) Importer(815301076,1909f56bfc062723c751e8b465ee728b)
Start importing Assets/_Scripts/ScoreController.cs using Guid(df1427d2f6c69d5cf8d32483eb8f3989) Importer(815301076,1909f56bfc062723c751e8b465ee728b) [PhysX] Initialized MultithreadedTaskDispatcher with 8 workers.
 -> (artifact id: '00000000000000000000000000000000') in 0.000498 seconds
Import Error Code:(4)
Message: Build asset version error: assets/_scripts/scorecontroller.cs in SourceAssetDB has modification time of '2025-08-02T10:05:06Z' while content on disk has modification time of '2025-08-03T15:11:43Z'
  ERROR: Build asset version error: assets/_scripts/scorecontroller.cs in SourceAssetDB has modification time of '2025-08-02T10:05:06Z' while content on disk has modification time of '2025-08-03T15:11:43Z'
Number of updated asset objects reloaded before import = 0
Number of asset objects unloaded after import = 0
========================================================================
Received Import Request.
  Time since last request: 0.015079 seconds.
  path: Assets/_Scripts/ScoreController.cs
  artifactKey: Guid(df1427d2f6c69d5cf8d32483eb8f3989) Importer(815301076,1909f56bfc062723c751e8b465ee728b)
Start importing Assets/_Scripts/ScoreController.cs using Guid(df1427d2f6c69d5cf8d32483eb8f3989) Importer(815301076,1909f56bfc062723c751e8b465ee728b) [PhysX] Initialized MultithreadedTaskDispatcher with 8 workers.
 -> (artifact id: '00000000000000000000000000000000') in 0.000564 seconds
Import Error Code:(4)
Message: Build asset version error: assets/_scripts/scorecontroller.cs in SourceAssetDB has modification time of '2025-08-02T10:05:06Z' while content on disk has modification time of '2025-08-03T15:11:43Z'
  ERROR: Build asset version error: assets/_scripts/scorecontroller.cs in SourceAssetDB has modification time of '2025-08-02T10:05:06Z' while content on disk has modification time of '2025-08-03T15:11:43Z'
Number of updated asset objects reloaded before import = 0
Number of asset objects unloaded after import = 0
========================================================================
Received Import Request.
  Time since last request: 0.015715 seconds.
  path: Assets/_Scripts/ScoreController.cs
  artifactKey: Guid(df1427d2f6c69d5cf8d32483eb8f3989) Importer(815301076,1909f56bfc062723c751e8b465ee728b)
Start importing Assets/_Scripts/ScoreController.cs using Guid(df1427d2f6c69d5cf8d32483eb8f3989) Importer(815301076,1909f56bfc062723c751e8b465ee728b) [PhysX] Initialized MultithreadedTaskDispatcher with 8 workers.
 -> (artifact id: '00000000000000000000000000000000') in 0.000419 seconds
Import Error Code:(4)
Message: Build asset version error: assets/_scripts/scorecontroller.cs in SourceAssetDB has modification time of '2025-08-02T10:05:06Z' while content on disk has modification time of '2025-08-03T15:11:43Z'
  ERROR: Build asset version error: assets/_scripts/scorecontroller.cs in SourceAssetDB has modification time of '2025-08-02T10:05:06Z' while content on disk has modification time of '2025-08-03T15:11:43Z'
Number of updated asset objects reloaded before import = 0
Number of asset objects unloaded after import = 0
========================================================================
Received Import Request.
  Time since last request: 0.016277 seconds.
  path: Assets/_Scripts/ScoreController.cs
  artifactKey: Guid(df1427d2f6c69d5cf8d32483eb8f3989) Importer(815301076,1909f56bfc062723c751e8b465ee728b)
Start importing Assets/_Scripts/ScoreController.cs using Guid(df1427d2f6c69d5cf8d32483eb8f3989) Importer(815301076,1909f56bfc062723c751e8b465ee728b) [PhysX] Initialized MultithreadedTaskDispatcher with 8 workers.
 -> (artifact id: '00000000000000000000000000000000') in 0.000432 seconds
Import Error Code:(4)
Message: Build asset version error: assets/_scripts/scorecontroller.cs in SourceAssetDB has modification time of '2025-08-02T10:05:06Z' while content on disk has modification time of '2025-08-03T15:11:43Z'
  ERROR: Build asset version error: assets/_scripts/scorecontroller.cs in SourceAssetDB has modification time of '2025-08-02T10:05:06Z' while content on disk has modification time of '2025-08-03T15:11:43Z'
Number of updated asset objects reloaded before import = 0
Number of asset objects unloaded after import = 0
========================================================================
Received Import Request.
  Time since last request: 0.014856 seconds.
  path: Assets/_Scripts/ScoreController.cs
  artifactKey: Guid(df1427d2f6c69d5cf8d32483eb8f3989) Importer(815301076,1909f56bfc062723c751e8b465ee728b)
Start importing Assets/_Scripts/ScoreController.cs using Guid(df1427d2f6c69d5cf8d32483eb8f3989) Importer(815301076,1909f56bfc062723c751e8b465ee728b) [PhysX] Initialized MultithreadedTaskDispatcher with 8 workers.
 -> (artifact id: '00000000000000000000000000000000') in 0.000426 seconds
Import Error Code:(4)
Message: Build asset version error: assets/_scripts/scorecontroller.cs in SourceAssetDB has modification time of '2025-08-02T10:05:06Z' while content on disk has modification time of '2025-08-03T15:11:43Z'
  ERROR: Build asset version error: assets/_scripts/scorecontroller.cs in SourceAssetDB has modification time of '2025-08-02T10:05:06Z' while content on disk has modification time of '2025-08-03T15:11:43Z'
Number of updated asset objects reloaded before import = 0
Number of asset objects unloaded after import = 0
========================================================================
Received Import Request.
  Time since last request: 0.015784 seconds.
  path: Assets/_Scripts/ScoreController.cs
  artifactKey: Guid(df1427d2f6c69d5cf8d32483eb8f3989) Importer(815301076,1909f56bfc062723c751e8b465ee728b)
Start importing Assets/_Scripts/ScoreController.cs using Guid(df1427d2f6c69d5cf8d32483eb8f3989) Importer(815301076,1909f56bfc062723c751e8b465ee728b) [PhysX] Initialized MultithreadedTaskDispatcher with 8 workers.
 -> (artifact id: '00000000000000000000000000000000') in 0.000410 seconds
Import Error Code:(4)
Message: Build asset version error: assets/_scripts/scorecontroller.cs in SourceAssetDB has modification time of '2025-08-02T10:05:06Z' while content on disk has modification time of '2025-08-03T15:11:43Z'
  ERROR: Build asset version error: assets/_scripts/scorecontroller.cs in SourceAssetDB has modification time of '2025-08-02T10:05:06Z' while content on disk has modification time of '2025-08-03T15:11:43Z'
Number of updated asset objects reloaded before import = 0
Number of asset objects unloaded after import = 0
========================================================================
Received Import Request.
  Time since last request: 0.016063 seconds.
  path: Assets/_Scripts/ScoreController.cs
  artifactKey: Guid(df1427d2f6c69d5cf8d32483eb8f3989) Importer(815301076,1909f56bfc062723c751e8b465ee728b)
Start importing Assets/_Scripts/ScoreController.cs using Guid(df1427d2f6c69d5cf8d32483eb8f3989) Importer(815301076,1909f56bfc062723c751e8b465ee728b) [PhysX] Initialized MultithreadedTaskDispatcher with 8 workers.
 -> (artifact id: '00000000000000000000000000000000') in 0.000412 seconds
Import Error Code:(4)
Message: Build asset version error: assets/_scripts/scorecontroller.cs in SourceAssetDB has modification time of '2025-08-02T10:05:06Z' while content on disk has modification time of '2025-08-03T15:11:43Z'
  ERROR: Build asset version error: assets/_scripts/scorecontroller.cs in SourceAssetDB has modification time of '2025-08-02T10:05:06Z' while content on disk has modification time of '2025-08-03T15:11:43Z'
Number of updated asset objects reloaded before import = 0
Number of asset objects unloaded after import = 0
========================================================================
Received Import Request.
  Time since last request: 0.015891 seconds.
  path: Assets/_Scripts/ScoreController.cs
  artifactKey: Guid(df1427d2f6c69d5cf8d32483eb8f3989) Importer(815301076,1909f56bfc062723c751e8b465ee728b)
Start importing Assets/_Scripts/ScoreController.cs using Guid(df1427d2f6c69d5cf8d32483eb8f3989) Importer(815301076,1909f56bfc062723c751e8b465ee728b) [PhysX] Initialized MultithreadedTaskDispatcher with 8 workers.
 -> (artifact id: '00000000000000000000000000000000') in 0.000360 seconds
Import Error Code:(4)
Message: Build asset version error: assets/_scripts/scorecontroller.cs in SourceAssetDB has modification time of '2025-08-02T10:05:06Z' while content on disk has modification time of '2025-08-03T15:11:43Z'
  ERROR: Build asset version error: assets/_scripts/scorecontroller.cs in SourceAssetDB has modification time of '2025-08-02T10:05:06Z' while content on disk has modification time of '2025-08-03T15:11:43Z'
Number of updated asset objects reloaded before import = 0
Number of asset objects unloaded after import = 0
========================================================================
Received Import Request.
  Time since last request: 0.015902 seconds.
  path: Assets/_Scripts/ScoreController.cs
  artifactKey: Guid(df1427d2f6c69d5cf8d32483eb8f3989) Importer(815301076,1909f56bfc062723c751e8b465ee728b)
Start importing Assets/_Scripts/ScoreController.cs using Guid(df1427d2f6c69d5cf8d32483eb8f3989) Importer(815301076,1909f56bfc062723c751e8b465ee728b) [PhysX] Initialized MultithreadedTaskDispatcher with 8 workers.
 -> (artifact id: '00000000000000000000000000000000') in 0.000390 seconds
Import Error Code:(4)
Message: Build asset version error: assets/_scripts/scorecontroller.cs in SourceAssetDB has modification time of '2025-08-02T10:05:06Z' while content on disk has modification time of '2025-08-03T15:11:43Z'
  ERROR: Build asset version error: assets/_scripts/scorecontroller.cs in SourceAssetDB has modification time of '2025-08-02T10:05:06Z' while content on disk has modification time of '2025-08-03T15:11:43Z'
Number of updated asset objects reloaded before import = 0
Number of asset objects unloaded after import = 0
========================================================================
Received Import Request.
  Time since last request: 0.015495 seconds.
  path: Assets/_Scripts/ScoreController.cs
  artifactKey: Guid(df1427d2f6c69d5cf8d32483eb8f3989) Importer(815301076,1909f56bfc062723c751e8b465ee728b)
Start importing Assets/_Scripts/ScoreController.cs using Guid(df1427d2f6c69d5cf8d32483eb8f3989) Importer(815301076,1909f56bfc062723c751e8b465ee728b) [PhysX] Initialized MultithreadedTaskDispatcher with 8 workers.
 -> (artifact id: '00000000000000000000000000000000') in 0.000532 seconds
Import Error Code:(4)
Message: Build asset version error: assets/_scripts/scorecontroller.cs in SourceAssetDB has modification time of '2025-08-02T10:05:06Z' while content on disk has modification time of '2025-08-03T15:11:43Z'
  ERROR: Build asset version error: assets/_scripts/scorecontroller.cs in SourceAssetDB has modification time of '2025-08-02T10:05:06Z' while content on disk has modification time of '2025-08-03T15:11:43Z'
Number of updated asset objects reloaded before import = 0
Number of asset objects unloaded after import = 0
========================================================================
Received Import Request.
  Time since last request: 0.016113 seconds.
  path: Assets/_Scripts/ScoreController.cs
  artifactKey: Guid(df1427d2f6c69d5cf8d32483eb8f3989) Importer(815301076,1909f56bfc062723c751e8b465ee728b)
Start importing Assets/_Scripts/ScoreController.cs using Guid(df1427d2f6c69d5cf8d32483eb8f3989) Importer(815301076,1909f56bfc062723c751e8b465ee728b) [PhysX] Initialized MultithreadedTaskDispatcher with 8 workers.
 -> (artifact id: '00000000000000000000000000000000') in 0.000379 seconds
Import Error Code:(4)
Message: Build asset version error: assets/_scripts/scorecontroller.cs in SourceAssetDB has modification time of '2025-08-02T10:05:06Z' while content on disk has modification time of '2025-08-03T15:11:43Z'
  ERROR: Build asset version error: assets/_scripts/scorecontroller.cs in SourceAssetDB has modification time of '2025-08-02T10:05:06Z' while content on disk has modification time of '2025-08-03T15:11:43Z'
Number of updated asset objects reloaded before import = 0
Number of asset objects unloaded after import = 0
========================================================================
Received Import Request.
  Time since last request: 0.015788 seconds.
  path: Assets/_Scripts/ScoreController.cs
  artifactKey: Guid(df1427d2f6c69d5cf8d32483eb8f3989) Importer(815301076,1909f56bfc062723c751e8b465ee728b)
Start importing Assets/_Scripts/ScoreController.cs using Guid(df1427d2f6c69d5cf8d32483eb8f3989) Importer(815301076,1909f56bfc062723c751e8b465ee728b) [PhysX] Initialized MultithreadedTaskDispatcher with 8 workers.
 -> (artifact id: '00000000000000000000000000000000') in 0.000376 seconds
Import Error Code:(4)
Message: Build asset version error: assets/_scripts/scorecontroller.cs in SourceAssetDB has modification time of '2025-08-02T10:05:06Z' while content on disk has modification time of '2025-08-03T15:11:43Z'
  ERROR: Build asset version error: assets/_scripts/scorecontroller.cs in SourceAssetDB has modification time of '2025-08-02T10:05:06Z' while content on disk has modification time of '2025-08-03T15:11:43Z'
Number of updated asset objects reloaded before import = 0
Number of asset objects unloaded after import = 0
========================================================================
Received Import Request.
  Time since last request: 0.015246 seconds.
  path: Assets/_Scripts/ScoreController.cs
  artifactKey: Guid(df1427d2f6c69d5cf8d32483eb8f3989) Importer(815301076,1909f56bfc062723c751e8b465ee728b)
Start importing Assets/_Scripts/ScoreController.cs using Guid(df1427d2f6c69d5cf8d32483eb8f3989) Importer(815301076,1909f56bfc062723c751e8b465ee728b) [PhysX] Initialized MultithreadedTaskDispatcher with 8 workers.
 -> (artifact id: '00000000000000000000000000000000') in 0.000390 seconds
Import Error Code:(4)
Message: Build asset version error: assets/_scripts/scorecontroller.cs in SourceAssetDB has modification time of '2025-08-02T10:05:06Z' while content on disk has modification time of '2025-08-03T15:11:43Z'
  ERROR: Build asset version error: assets/_scripts/scorecontroller.cs in SourceAssetDB has modification time of '2025-08-02T10:05:06Z' while content on disk has modification time of '2025-08-03T15:11:43Z'
Number of updated asset objects reloaded before import = 0
Number of asset objects unloaded after import = 0
========================================================================
Received Import Request.
  Time since last request: 0.016235 seconds.
  path: Assets/_Scripts/ScoreController.cs
  artifactKey: Guid(df1427d2f6c69d5cf8d32483eb8f3989) Importer(815301076,1909f56bfc062723c751e8b465ee728b)
Start importing Assets/_Scripts/ScoreController.cs using Guid(df1427d2f6c69d5cf8d32483eb8f3989) Importer(815301076,1909f56bfc062723c751e8b465ee728b) [PhysX] Initialized MultithreadedTaskDispatcher with 8 workers.
 -> (artifact id: '00000000000000000000000000000000') in 0.000382 seconds
Import Error Code:(4)
Message: Build asset version error: assets/_scripts/scorecontroller.cs in SourceAssetDB has modification time of '2025-08-02T10:05:06Z' while content on disk has modification time of '2025-08-03T15:11:43Z'
  ERROR: Build asset version error: assets/_scripts/scorecontroller.cs in SourceAssetDB has modification time of '2025-08-02T10:05:06Z' while content on disk has modification time of '2025-08-03T15:11:43Z'
Number of updated asset objects reloaded before import = 0
Number of asset objects unloaded after import = 0
========================================================================
Received Import Request.
  Time since last request: 0.015457 seconds.
  path: Assets/_Scripts/ScoreController.cs
  artifactKey: Guid(df1427d2f6c69d5cf8d32483eb8f3989) Importer(815301076,1909f56bfc062723c751e8b465ee728b)
Start importing Assets/_Scripts/ScoreController.cs using Guid(df1427d2f6c69d5cf8d32483eb8f3989) Importer(815301076,1909f56bfc062723c751e8b465ee728b) [PhysX] Initialized MultithreadedTaskDispatcher with 8 workers.
 -> (artifact id: '00000000000000000000000000000000') in 0.000417 seconds
Import Error Code:(4)
Message: Build asset version error: assets/_scripts/scorecontroller.cs in SourceAssetDB has modification time of '2025-08-02T10:05:06Z' while content on disk has modification time of '2025-08-03T15:11:43Z'
  ERROR: Build asset version error: assets/_scripts/scorecontroller.cs in SourceAssetDB has modification time of '2025-08-02T10:05:06Z' while content on disk has modification time of '2025-08-03T15:11:43Z'
Number of updated asset objects reloaded before import = 0
Number of asset objects unloaded after import = 0
========================================================================
Received Import Request.
  Time since last request: 0.016209 seconds.
  path: Assets/_Scripts/ScoreController.cs
  artifactKey: Guid(df1427d2f6c69d5cf8d32483eb8f3989) Importer(815301076,1909f56bfc062723c751e8b465ee728b)
Start importing Assets/_Scripts/ScoreController.cs using Guid(df1427d2f6c69d5cf8d32483eb8f3989) Importer(815301076,1909f56bfc062723c751e8b465ee728b) [PhysX] Initialized MultithreadedTaskDispatcher with 8 workers.
 -> (artifact id: '00000000000000000000000000000000') in 0.000363 seconds
Import Error Code:(4)
Message: Build asset version error: assets/_scripts/scorecontroller.cs in SourceAssetDB has modification time of '2025-08-02T10:05:06Z' while content on disk has modification time of '2025-08-03T15:11:43Z'
  ERROR: Build asset version error: assets/_scripts/scorecontroller.cs in SourceAssetDB has modification time of '2025-08-02T10:05:06Z' while content on disk has modification time of '2025-08-03T15:11:43Z'
Number of updated asset objects reloaded before import = 0
Number of asset objects unloaded after import = 0
========================================================================
Received Import Request.
  Time since last request: 0.015852 seconds.
  path: Assets/_Scripts/ScoreController.cs
  artifactKey: Guid(df1427d2f6c69d5cf8d32483eb8f3989) Importer(815301076,1909f56bfc062723c751e8b465ee728b)
Start importing Assets/_Scripts/ScoreController.cs using Guid(df1427d2f6c69d5cf8d32483eb8f3989) Importer(815301076,1909f56bfc062723c751e8b465ee728b) [PhysX] Initialized MultithreadedTaskDispatcher with 8 workers.
 -> (artifact id: '00000000000000000000000000000000') in 0.000390 seconds
Import Error Code:(4)
Message: Build asset version error: assets/_scripts/scorecontroller.cs in SourceAssetDB has modification time of '2025-08-02T10:05:06Z' while content on disk has modification time of '2025-08-03T15:11:43Z'
  ERROR: Build asset version error: assets/_scripts/scorecontroller.cs in SourceAssetDB has modification time of '2025-08-02T10:05:06Z' while content on disk has modification time of '2025-08-03T15:11:43Z'
Number of updated asset objects reloaded before import = 0
Number of asset objects unloaded after import = 0
========================================================================
Received Import Request.
  Time since last request: 0.015477 seconds.
  path: Assets/_Scripts/ScoreController.cs
  artifactKey: Guid(df1427d2f6c69d5cf8d32483eb8f3989) Importer(815301076,1909f56bfc062723c751e8b465ee728b)
Start importing Assets/_Scripts/ScoreController.cs using Guid(df1427d2f6c69d5cf8d32483eb8f3989) Importer(815301076,1909f56bfc062723c751e8b465ee728b) [PhysX] Initialized MultithreadedTaskDispatcher with 8 workers.
 -> (artifact id: '00000000000000000000000000000000') in 0.000451 seconds
Import Error Code:(4)
Message: Build asset version error: assets/_scripts/scorecontroller.cs in SourceAssetDB has modification time of '2025-08-02T10:05:06Z' while content on disk has modification time of '2025-08-03T15:11:43Z'
  ERROR: Build asset version error: assets/_scripts/scorecontroller.cs in SourceAssetDB has modification time of '2025-08-02T10:05:06Z' while content on disk has modification time of '2025-08-03T15:11:43Z'
Number of updated asset objects reloaded before import = 0
Number of asset objects unloaded after import = 0
========================================================================
Received Import Request.
  Time since last request: 0.016024 seconds.
  path: Assets/_Scripts/ScoreController.cs
  artifactKey: Guid(df1427d2f6c69d5cf8d32483eb8f3989) Importer(815301076,1909f56bfc062723c751e8b465ee728b)
Start importing Assets/_Scripts/ScoreController.cs using Guid(df1427d2f6c69d5cf8d32483eb8f3989) Importer(815301076,1909f56bfc062723c751e8b465ee728b) [PhysX] Initialized MultithreadedTaskDispatcher with 8 workers.
 -> (artifact id: '00000000000000000000000000000000') in 0.000388 seconds
Import Error Code:(4)
Message: Build asset version error: assets/_scripts/scorecontroller.cs in SourceAssetDB has modification time of '2025-08-02T10:05:06Z' while content on disk has modification time of '2025-08-03T15:11:43Z'
  ERROR: Build asset version error: assets/_scripts/scorecontroller.cs in SourceAssetDB has modification time of '2025-08-02T10:05:06Z' while content on disk has modification time of '2025-08-03T15:11:43Z'
Number of updated asset objects reloaded before import = 0
Number of asset objects unloaded after import = 0
========================================================================
Received Import Request.
  Time since last request: 0.016390 seconds.
  path: Assets/_Scripts/ScoreController.cs
  artifactKey: Guid(df1427d2f6c69d5cf8d32483eb8f3989) Importer(815301076,1909f56bfc062723c751e8b465ee728b)
Start importing Assets/_Scripts/ScoreController.cs using Guid(df1427d2f6c69d5cf8d32483eb8f3989) Importer(815301076,1909f56bfc062723c751e8b465ee728b) [PhysX] Initialized MultithreadedTaskDispatcher with 8 workers.
 -> (artifact id: '00000000000000000000000000000000') in 0.000428 seconds
Import Error Code:(4)
Message: Build asset version error: assets/_scripts/scorecontroller.cs in SourceAssetDB has modification time of '2025-08-02T10:05:06Z' while content on disk has modification time of '2025-08-03T15:11:43Z'
  ERROR: Build asset version error: assets/_scripts/scorecontroller.cs in SourceAssetDB has modification time of '2025-08-02T10:05:06Z' while content on disk has modification time of '2025-08-03T15:11:43Z'
Number of updated asset objects reloaded before import = 0
Number of asset objects unloaded after import = 0
========================================================================
Received Import Request.
  Time since last request: 0.015068 seconds.
  path: Assets/_Scripts/ScoreController.cs
  artifactKey: Guid(df1427d2f6c69d5cf8d32483eb8f3989) Importer(815301076,1909f56bfc062723c751e8b465ee728b)
Start importing Assets/_Scripts/ScoreController.cs using Guid(df1427d2f6c69d5cf8d32483eb8f3989) Importer(815301076,1909f56bfc062723c751e8b465ee728b) [PhysX] Initialized MultithreadedTaskDispatcher with 8 workers.
 -> (artifact id: '00000000000000000000000000000000') in 0.000414 seconds
Import Error Code:(4)
Message: Build asset version error: assets/_scripts/scorecontroller.cs in SourceAssetDB has modification time of '2025-08-02T10:05:06Z' while content on disk has modification time of '2025-08-03T15:11:43Z'
  ERROR: Build asset version error: assets/_scripts/scorecontroller.cs in SourceAssetDB has modification time of '2025-08-02T10:05:06Z' while content on disk has modification time of '2025-08-03T15:11:43Z'
Number of updated asset objects reloaded before import = 0
Number of asset objects unloaded after import = 0
========================================================================
Received Import Request.
  Time since last request: 0.015977 seconds.
  path: Assets/_Scripts/ScoreController.cs
  artifactKey: Guid(df1427d2f6c69d5cf8d32483eb8f3989) Importer(815301076,1909f56bfc062723c751e8b465ee728b)
Start importing Assets/_Scripts/ScoreController.cs using Guid(df1427d2f6c69d5cf8d32483eb8f3989) Importer(815301076,1909f56bfc062723c751e8b465ee728b) [PhysX] Initialized MultithreadedTaskDispatcher with 8 workers.
 -> (artifact id: '00000000000000000000000000000000') in 0.000412 seconds
Import Error Code:(4)
Message: Build asset version error: assets/_scripts/scorecontroller.cs in SourceAssetDB has modification time of '2025-08-02T10:05:06Z' while content on disk has modification time of '2025-08-03T15:11:43Z'
  ERROR: Build asset version error: assets/_scripts/scorecontroller.cs in SourceAssetDB has modification time of '2025-08-02T10:05:06Z' while content on disk has modification time of '2025-08-03T15:11:43Z'
Number of updated asset objects reloaded before import = 0
Number of asset objects unloaded after import = 0
========================================================================
Received Import Request.
  Time since last request: 0.017046 seconds.
  path: Assets/_Scripts/ScoreController.cs
  artifactKey: Guid(df1427d2f6c69d5cf8d32483eb8f3989) Importer(815301076,1909f56bfc062723c751e8b465ee728b)
Start importing Assets/_Scripts/ScoreController.cs using Guid(df1427d2f6c69d5cf8d32483eb8f3989) Importer(815301076,1909f56bfc062723c751e8b465ee728b) [PhysX] Initialized MultithreadedTaskDispatcher with 8 workers.
 -> (artifact id: '00000000000000000000000000000000') in 0.000419 seconds
Import Error Code:(4)
Message: Build asset version error: assets/_scripts/scorecontroller.cs in SourceAssetDB has modification time of '2025-08-02T10:05:06Z' while content on disk has modification time of '2025-08-03T15:11:43Z'
  ERROR: Build asset version error: assets/_scripts/scorecontroller.cs in SourceAssetDB has modification time of '2025-08-02T10:05:06Z' while content on disk has modification time of '2025-08-03T15:11:43Z'
Number of updated asset objects reloaded before import = 0
Number of asset objects unloaded after import = 0
========================================================================
Received Import Request.
  Time since last request: 0.014062 seconds.
  path: Assets/_Scripts/ScoreController.cs
  artifactKey: Guid(df1427d2f6c69d5cf8d32483eb8f3989) Importer(815301076,1909f56bfc062723c751e8b465ee728b)
Start importing Assets/_Scripts/ScoreController.cs using Guid(df1427d2f6c69d5cf8d32483eb8f3989) Importer(815301076,1909f56bfc062723c751e8b465ee728b) [PhysX] Initialized MultithreadedTaskDispatcher with 8 workers.
 -> (artifact id: '00000000000000000000000000000000') in 0.000424 seconds
Import Error Code:(4)
Message: Build asset version error: assets/_scripts/scorecontroller.cs in SourceAssetDB has modification time of '2025-08-02T10:05:06Z' while content on disk has modification time of '2025-08-03T15:11:43Z'
  ERROR: Build asset version error: assets/_scripts/scorecontroller.cs in SourceAssetDB has modification time of '2025-08-02T10:05:06Z' while content on disk has modification time of '2025-08-03T15:11:43Z'
Number of updated asset objects reloaded before import = 0
Number of asset objects unloaded after import = 0
========================================================================
Received Import Request.
  Time since last request: 0.016764 seconds.
  path: Assets/_Scripts/ScoreController.cs
  artifactKey: Guid(df1427d2f6c69d5cf8d32483eb8f3989) Importer(815301076,1909f56bfc062723c751e8b465ee728b)
Start importing Assets/_Scripts/ScoreController.cs using Guid(df1427d2f6c69d5cf8d32483eb8f3989) Importer(815301076,1909f56bfc062723c751e8b465ee728b) [PhysX] Initialized MultithreadedTaskDispatcher with 8 workers.
 -> (artifact id: '00000000000000000000000000000000') in 0.000440 seconds
Import Error Code:(4)
Message: Build asset version error: assets/_scripts/scorecontroller.cs in SourceAssetDB has modification time of '2025-08-02T10:05:06Z' while content on disk has modification time of '2025-08-03T15:11:43Z'
  ERROR: Build asset version error: assets/_scripts/scorecontroller.cs in SourceAssetDB has modification time of '2025-08-02T10:05:06Z' while content on disk has modification time of '2025-08-03T15:11:43Z'
Number of updated asset objects reloaded before import = 0
Number of asset objects unloaded after import = 0
========================================================================
Received Import Request.
  Time since last request: 0.014881 seconds.
  path: Assets/_Scripts/ScoreController.cs
  artifactKey: Guid(df1427d2f6c69d5cf8d32483eb8f3989) Importer(815301076,1909f56bfc062723c751e8b465ee728b)
Start importing Assets/_Scripts/ScoreController.cs using Guid(df1427d2f6c69d5cf8d32483eb8f3989) Importer(815301076,1909f56bfc062723c751e8b465ee728b) [PhysX] Initialized MultithreadedTaskDispatcher with 8 workers.
 -> (artifact id: '00000000000000000000000000000000') in 0.000665 seconds
Import Error Code:(4)
Message: Build asset version error: assets/_scripts/scorecontroller.cs in SourceAssetDB has modification time of '2025-08-02T10:05:06Z' while content on disk has modification time of '2025-08-03T15:11:43Z'
  ERROR: Build asset version error: assets/_scripts/scorecontroller.cs in SourceAssetDB has modification time of '2025-08-02T10:05:06Z' while content on disk has modification time of '2025-08-03T15:11:43Z'
Number of updated asset objects reloaded before import = 0
Number of asset objects unloaded after import = 0
========================================================================
Received Import Request.
  Time since last request: 0.015812 seconds.
  path: Assets/_Scripts/ScoreController.cs
  artifactKey: Guid(df1427d2f6c69d5cf8d32483eb8f3989) Importer(815301076,1909f56bfc062723c751e8b465ee728b)
Start importing Assets/_Scripts/ScoreController.cs using Guid(df1427d2f6c69d5cf8d32483eb8f3989) Importer(815301076,1909f56bfc062723c751e8b465ee728b) [PhysX] Initialized MultithreadedTaskDispatcher with 8 workers.
 -> (artifact id: '00000000000000000000000000000000') in 0.000435 seconds
Import Error Code:(4)
Message: Build asset version error: assets/_scripts/scorecontroller.cs in SourceAssetDB has modification time of '2025-08-02T10:05:06Z' while content on disk has modification time of '2025-08-03T15:11:43Z'
  ERROR: Build asset version error: assets/_scripts/scorecontroller.cs in SourceAssetDB has modification time of '2025-08-02T10:05:06Z' while content on disk has modification time of '2025-08-03T15:11:43Z'
Number of updated asset objects reloaded before import = 0
Number of asset objects unloaded after import = 0
========================================================================
Received Import Request.
  Time since last request: 0.016574 seconds.
  path: Assets/_Scripts/ScoreController.cs
  artifactKey: Guid(df1427d2f6c69d5cf8d32483eb8f3989) Importer(815301076,1909f56bfc062723c751e8b465ee728b)
Start importing Assets/_Scripts/ScoreController.cs using Guid(df1427d2f6c69d5cf8d32483eb8f3989) Importer(815301076,1909f56bfc062723c751e8b465ee728b) [PhysX] Initialized MultithreadedTaskDispatcher with 8 workers.
 -> (artifact id: '00000000000000000000000000000000') in 0.000412 seconds
Import Error Code:(4)
Message: Build asset version error: assets/_scripts/scorecontroller.cs in SourceAssetDB has modification time of '2025-08-02T10:05:06Z' while content on disk has modification time of '2025-08-03T15:11:43Z'
  ERROR: Build asset version error: assets/_scripts/scorecontroller.cs in SourceAssetDB has modification time of '2025-08-02T10:05:06Z' while content on disk has modification time of '2025-08-03T15:11:43Z'
Number of updated asset objects reloaded before import = 0
Number of asset objects unloaded after import = 0
========================================================================
Received Import Request.
  Time since last request: 0.014687 seconds.
  path: Assets/_Scripts/ScoreController.cs
  artifactKey: Guid(df1427d2f6c69d5cf8d32483eb8f3989) Importer(815301076,1909f56bfc062723c751e8b465ee728b)
Start importing Assets/_Scripts/ScoreController.cs using Guid(df1427d2f6c69d5cf8d32483eb8f3989) Importer(815301076,1909f56bfc062723c751e8b465ee728b) [PhysX] Initialized MultithreadedTaskDispatcher with 8 workers.
 -> (artifact id: '00000000000000000000000000000000') in 0.000372 seconds
Import Error Code:(4)
Message: Build asset version error: assets/_scripts/scorecontroller.cs in SourceAssetDB has modification time of '2025-08-02T10:05:06Z' while content on disk has modification time of '2025-08-03T15:11:43Z'
  ERROR: Build asset version error: assets/_scripts/scorecontroller.cs in SourceAssetDB has modification time of '2025-08-02T10:05:06Z' while content on disk has modification time of '2025-08-03T15:11:43Z'
Number of updated asset objects reloaded before import = 0
Number of asset objects unloaded after import = 0
========================================================================
Received Import Request.
  Time since last request: 0.015549 seconds.
  path: Assets/_Scripts/ScoreController.cs
  artifactKey: Guid(df1427d2f6c69d5cf8d32483eb8f3989) Importer(815301076,1909f56bfc062723c751e8b465ee728b)
Start importing Assets/_Scripts/ScoreController.cs using Guid(df1427d2f6c69d5cf8d32483eb8f3989) Importer(815301076,1909f56bfc062723c751e8b465ee728b) [PhysX] Initialized MultithreadedTaskDispatcher with 8 workers.
 -> (artifact id: '00000000000000000000000000000000') in 0.000501 seconds
Import Error Code:(4)
Message: Build asset version error: assets/_scripts/scorecontroller.cs in SourceAssetDB has modification time of '2025-08-02T10:05:06Z' while content on disk has modification time of '2025-08-03T15:11:43Z'
  ERROR: Build asset version error: assets/_scripts/scorecontroller.cs in SourceAssetDB has modification time of '2025-08-02T10:05:06Z' while content on disk has modification time of '2025-08-03T15:11:43Z'
Number of updated asset objects reloaded before import = 0
Number of asset objects unloaded after import = 0
========================================================================
Received Import Request.
  Time since last request: 0.015808 seconds.
  path: Assets/_Scripts/ScoreController.cs
  artifactKey: Guid(df1427d2f6c69d5cf8d32483eb8f3989) Importer(815301076,1909f56bfc062723c751e8b465ee728b)
Start importing Assets/_Scripts/ScoreController.cs using Guid(df1427d2f6c69d5cf8d32483eb8f3989) Importer(815301076,1909f56bfc062723c751e8b465ee728b) [PhysX] Initialized MultithreadedTaskDispatcher with 8 workers.
 -> (artifact id: '00000000000000000000000000000000') in 0.000526 seconds
Import Error Code:(4)
Message: Build asset version error: assets/_scripts/scorecontroller.cs in SourceAssetDB has modification time of '2025-08-02T10:05:06Z' while content on disk has modification time of '2025-08-03T15:11:43Z'
  ERROR: Build asset version error: assets/_scripts/scorecontroller.cs in SourceAssetDB has modification time of '2025-08-02T10:05:06Z' while content on disk has modification time of '2025-08-03T15:11:43Z'
Number of updated asset objects reloaded before import = 0
Number of asset objects unloaded after import = 0
========================================================================
Received Import Request.
  Time since last request: 0.019182 seconds.
  path: Assets/_Scripts/ScoreController.cs
  artifactKey: Guid(df1427d2f6c69d5cf8d32483eb8f3989) Importer(815301076,1909f56bfc062723c751e8b465ee728b)
Start importing Assets/_Scripts/ScoreController.cs using Guid(df1427d2f6c69d5cf8d32483eb8f3989) Importer(815301076,1909f56bfc062723c751e8b465ee728b) [PhysX] Initialized MultithreadedTaskDispatcher with 8 workers.
 -> (artifact id: '00000000000000000000000000000000') in 0.000435 seconds
Import Error Code:(4)
Message: Build asset version error: assets/_scripts/scorecontroller.cs in SourceAssetDB has modification time of '2025-08-02T10:05:06Z' while content on disk has modification time of '2025-08-03T15:11:43Z'
  ERROR: Build asset version error: assets/_scripts/scorecontroller.cs in SourceAssetDB has modification time of '2025-08-02T10:05:06Z' while content on disk has modification time of '2025-08-03T15:11:43Z'
Number of updated asset objects reloaded before import = 0
Number of asset objects unloaded after import = 0
========================================================================
Received Import Request.
  Time since last request: 0.013702 seconds.
  path: Assets/_Scripts/ScoreController.cs
  artifactKey: Guid(df1427d2f6c69d5cf8d32483eb8f3989) Importer(815301076,1909f56bfc062723c751e8b465ee728b)
Start importing Assets/_Scripts/ScoreController.cs using Guid(df1427d2f6c69d5cf8d32483eb8f3989) Importer(815301076,1909f56bfc062723c751e8b465ee728b) [PhysX] Initialized MultithreadedTaskDispatcher with 8 workers.
 -> (artifact id: '00000000000000000000000000000000') in 0.000437 seconds
Import Error Code:(4)
Message: Build asset version error: assets/_scripts/scorecontroller.cs in SourceAssetDB has modification time of '2025-08-02T10:05:06Z' while content on disk has modification time of '2025-08-03T15:11:43Z'
  ERROR: Build asset version error: assets/_scripts/scorecontroller.cs in SourceAssetDB has modification time of '2025-08-02T10:05:06Z' while content on disk has modification time of '2025-08-03T15:11:43Z'
Number of updated asset objects reloaded before import = 0
Number of asset objects unloaded after import = 0
========================================================================
Received Import Request.
  Time since last request: 0.013741 seconds.
  path: Assets/_Scripts/ScoreController.cs
  artifactKey: Guid(df1427d2f6c69d5cf8d32483eb8f3989) Importer(815301076,1909f56bfc062723c751e8b465ee728b)
Start importing Assets/_Scripts/ScoreController.cs using Guid(df1427d2f6c69d5cf8d32483eb8f3989) Importer(815301076,1909f56bfc062723c751e8b465ee728b) [PhysX] Initialized MultithreadedTaskDispatcher with 8 workers.
 -> (artifact id: '00000000000000000000000000000000') in 0.000385 seconds
Import Error Code:(4)
Message: Build asset version error: assets/_scripts/scorecontroller.cs in SourceAssetDB has modification time of '2025-08-02T10:05:06Z' while content on disk has modification time of '2025-08-03T15:11:43Z'
  ERROR: Build asset version error: assets/_scripts/scorecontroller.cs in SourceAssetDB has modification time of '2025-08-02T10:05:06Z' while content on disk has modification time of '2025-08-03T15:11:43Z'
Number of updated asset objects reloaded before import = 0
Number of asset objects unloaded after import = 0
========================================================================
Received Import Request.
  Time since last request: 0.016946 seconds.
  path: Assets/_Scripts/ScoreController.cs
  artifactKey: Guid(df1427d2f6c69d5cf8d32483eb8f3989) Importer(815301076,1909f56bfc062723c751e8b465ee728b)
Start importing Assets/_Scripts/ScoreController.cs using Guid(df1427d2f6c69d5cf8d32483eb8f3989) Importer(815301076,1909f56bfc062723c751e8b465ee728b) [PhysX] Initialized MultithreadedTaskDispatcher with 8 workers.
 -> (artifact id: '00000000000000000000000000000000') in 0.000421 seconds
Import Error Code:(4)
Message: Build asset version error: assets/_scripts/scorecontroller.cs in SourceAssetDB has modification time of '2025-08-02T10:05:06Z' while content on disk has modification time of '2025-08-03T15:11:43Z'
  ERROR: Build asset version error: assets/_scripts/scorecontroller.cs in SourceAssetDB has modification time of '2025-08-02T10:05:06Z' while content on disk has modification time of '2025-08-03T15:11:43Z'
Number of updated asset objects reloaded before import = 0
Number of asset objects unloaded after import = 0
========================================================================
Received Import Request.
  Time since last request: 0.015958 seconds.
  path: Assets/_Scripts/ScoreController.cs
  artifactKey: Guid(df1427d2f6c69d5cf8d32483eb8f3989) Importer(815301076,1909f56bfc062723c751e8b465ee728b)
Start importing Assets/_Scripts/ScoreController.cs using Guid(df1427d2f6c69d5cf8d32483eb8f3989) Importer(815301076,1909f56bfc062723c751e8b465ee728b) [PhysX] Initialized MultithreadedTaskDispatcher with 8 workers.
 -> (artifact id: '00000000000000000000000000000000') in 0.000406 seconds
Import Error Code:(4)
Message: Build asset version error: assets/_scripts/scorecontroller.cs in SourceAssetDB has modification time of '2025-08-02T10:05:06Z' while content on disk has modification time of '2025-08-03T15:11:43Z'
  ERROR: Build asset version error: assets/_scripts/scorecontroller.cs in SourceAssetDB has modification time of '2025-08-02T10:05:06Z' while content on disk has modification time of '2025-08-03T15:11:43Z'
Number of updated asset objects reloaded before import = 0
Number of asset objects unloaded after import = 0
========================================================================
Received Import Request.
  Time since last request: 0.015050 seconds.
  path: Assets/_Scripts/ScoreController.cs
  artifactKey: Guid(df1427d2f6c69d5cf8d32483eb8f3989) Importer(815301076,1909f56bfc062723c751e8b465ee728b)
Start importing Assets/_Scripts/ScoreController.cs using Guid(df1427d2f6c69d5cf8d32483eb8f3989) Importer(815301076,1909f56bfc062723c751e8b465ee728b) [PhysX] Initialized MultithreadedTaskDispatcher with 8 workers.
 -> (artifact id: '00000000000000000000000000000000') in 0.000545 seconds
Import Error Code:(4)
Message: Build asset version error: assets/_scripts/scorecontroller.cs in SourceAssetDB has modification time of '2025-08-02T10:05:06Z' while content on disk has modification time of '2025-08-03T15:11:43Z'
  ERROR: Build asset version error: assets/_scripts/scorecontroller.cs in SourceAssetDB has modification time of '2025-08-02T10:05:06Z' while content on disk has modification time of '2025-08-03T15:11:43Z'
Number of updated asset objects reloaded before import = 0
Number of asset objects unloaded after import = 0
========================================================================
Received Import Request.
  Time since last request: 0.015290 seconds.
  path: Assets/_Scripts/ScoreController.cs
  artifactKey: Guid(df1427d2f6c69d5cf8d32483eb8f3989) Importer(815301076,1909f56bfc062723c751e8b465ee728b)
Start importing Assets/_Scripts/ScoreController.cs using Guid(df1427d2f6c69d5cf8d32483eb8f3989) Importer(815301076,1909f56bfc062723c751e8b465ee728b) [PhysX] Initialized MultithreadedTaskDispatcher with 8 workers.
 -> (artifact id: '00000000000000000000000000000000') in 0.000410 seconds
Import Error Code:(4)
Message: Build asset version error: assets/_scripts/scorecontroller.cs in SourceAssetDB has modification time of '2025-08-02T10:05:06Z' while content on disk has modification time of '2025-08-03T15:11:43Z'
  ERROR: Build asset version error: assets/_scripts/scorecontroller.cs in SourceAssetDB has modification time of '2025-08-02T10:05:06Z' while content on disk has modification time of '2025-08-03T15:11:43Z'
Number of updated asset objects reloaded before import = 0
Number of asset objects unloaded after import = 0
========================================================================
Received Import Request.
  Time since last request: 0.016442 seconds.
  path: Assets/_Scripts/ScoreController.cs
  artifactKey: Guid(df1427d2f6c69d5cf8d32483eb8f3989) Importer(815301076,1909f56bfc062723c751e8b465ee728b)
Start importing Assets/_Scripts/ScoreController.cs using Guid(df1427d2f6c69d5cf8d32483eb8f3989) Importer(815301076,1909f56bfc062723c751e8b465ee728b) [PhysX] Initialized MultithreadedTaskDispatcher with 8 workers.
 -> (artifact id: '00000000000000000000000000000000') in 0.000351 seconds
Import Error Code:(4)
Message: Build asset version error: assets/_scripts/scorecontroller.cs in SourceAssetDB has modification time of '2025-08-02T10:05:06Z' while content on disk has modification time of '2025-08-03T15:11:43Z'
  ERROR: Build asset version error: assets/_scripts/scorecontroller.cs in SourceAssetDB has modification time of '2025-08-02T10:05:06Z' while content on disk has modification time of '2025-08-03T15:11:43Z'
Number of updated asset objects reloaded before import = 0
Number of asset objects unloaded after import = 0
========================================================================
Received Import Request.
  Time since last request: 0.015467 seconds.
  path: Assets/_Scripts/ScoreController.cs
  artifactKey: Guid(df1427d2f6c69d5cf8d32483eb8f3989) Importer(815301076,1909f56bfc062723c751e8b465ee728b)
Start importing Assets/_Scripts/ScoreController.cs using Guid(df1427d2f6c69d5cf8d32483eb8f3989) Importer(815301076,1909f56bfc062723c751e8b465ee728b) [PhysX] Initialized MultithreadedTaskDispatcher with 8 workers.
 -> (artifact id: '00000000000000000000000000000000') in 0.000441 seconds
Import Error Code:(4)
Message: Build asset version error: assets/_scripts/scorecontroller.cs in SourceAssetDB has modification time of '2025-08-02T10:05:06Z' while content on disk has modification time of '2025-08-03T15:11:43Z'
  ERROR: Build asset version error: assets/_scripts/scorecontroller.cs in SourceAssetDB has modification time of '2025-08-02T10:05:06Z' while content on disk has modification time of '2025-08-03T15:11:43Z'
Number of updated asset objects reloaded before import = 0
Number of asset objects unloaded after import = 0
========================================================================
Received Import Request.
  Time since last request: 0.016179 seconds.
  path: Assets/_Scripts/ScoreController.cs
  artifactKey: Guid(df1427d2f6c69d5cf8d32483eb8f3989) Importer(815301076,1909f56bfc062723c751e8b465ee728b)
Start importing Assets/_Scripts/ScoreController.cs using Guid(df1427d2f6c69d5cf8d32483eb8f3989) Importer(815301076,1909f56bfc062723c751e8b465ee728b) [PhysX] Initialized MultithreadedTaskDispatcher with 8 workers.
 -> (artifact id: '00000000000000000000000000000000') in 0.000419 seconds
Import Error Code:(4)
Message: Build asset version error: assets/_scripts/scorecontroller.cs in SourceAssetDB has modification time of '2025-08-02T10:05:06Z' while content on disk has modification time of '2025-08-03T15:11:43Z'
  ERROR: Build asset version error: assets/_scripts/scorecontroller.cs in SourceAssetDB has modification time of '2025-08-02T10:05:06Z' while content on disk has modification time of '2025-08-03T15:11:43Z'
Number of updated asset objects reloaded before import = 0
Number of asset objects unloaded after import = 0
========================================================================
Received Import Request.
  Time since last request: 0.015262 seconds.
  path: Assets/_Scripts/ScoreController.cs
  artifactKey: Guid(df1427d2f6c69d5cf8d32483eb8f3989) Importer(815301076,1909f56bfc062723c751e8b465ee728b)
Start importing Assets/_Scripts/ScoreController.cs using Guid(df1427d2f6c69d5cf8d32483eb8f3989) Importer(815301076,1909f56bfc062723c751e8b465ee728b) [PhysX] Initialized MultithreadedTaskDispatcher with 8 workers.
 -> (artifact id: '00000000000000000000000000000000') in 0.000454 seconds
Import Error Code:(4)
Message: Build asset version error: assets/_scripts/scorecontroller.cs in SourceAssetDB has modification time of '2025-08-02T10:05:06Z' while content on disk has modification time of '2025-08-03T15:11:43Z'
  ERROR: Build asset version error: assets/_scripts/scorecontroller.cs in SourceAssetDB has modification time of '2025-08-02T10:05:06Z' while content on disk has modification time of '2025-08-03T15:11:43Z'
Number of updated asset objects reloaded before import = 0
Number of asset objects unloaded after import = 0
========================================================================
Received Import Request.
  Time since last request: 0.016011 seconds.
  path: Assets/_Scripts/ScoreController.cs
  artifactKey: Guid(df1427d2f6c69d5cf8d32483eb8f3989) Importer(815301076,1909f56bfc062723c751e8b465ee728b)
Start importing Assets/_Scripts/ScoreController.cs using Guid(df1427d2f6c69d5cf8d32483eb8f3989) Importer(815301076,1909f56bfc062723c751e8b465ee728b) [PhysX] Initialized MultithreadedTaskDispatcher with 8 workers.
 -> (artifact id: '00000000000000000000000000000000') in 0.000371 seconds
Import Error Code:(4)
Message: Build asset version error: assets/_scripts/scorecontroller.cs in SourceAssetDB has modification time of '2025-08-02T10:05:06Z' while content on disk has modification time of '2025-08-03T15:11:43Z'
  ERROR: Build asset version error: assets/_scripts/scorecontroller.cs in SourceAssetDB has modification time of '2025-08-02T10:05:06Z' while content on disk has modification time of '2025-08-03T15:11:43Z'
Number of updated asset objects reloaded before import = 0
Number of asset objects unloaded after import = 0
========================================================================
Received Import Request.
  Time since last request: 0.015901 seconds.
  path: Assets/_Scripts/ScoreController.cs
  artifactKey: Guid(df1427d2f6c69d5cf8d32483eb8f3989) Importer(815301076,1909f56bfc062723c751e8b465ee728b)
Start importing Assets/_Scripts/ScoreController.cs using Guid(df1427d2f6c69d5cf8d32483eb8f3989) Importer(815301076,1909f56bfc062723c751e8b465ee728b) [PhysX] Initialized MultithreadedTaskDispatcher with 8 workers.
 -> (artifact id: '00000000000000000000000000000000') in 0.000403 seconds
Import Error Code:(4)
Message: Build asset version error: assets/_scripts/scorecontroller.cs in SourceAssetDB has modification time of '2025-08-02T10:05:06Z' while content on disk has modification time of '2025-08-03T15:11:43Z'
  ERROR: Build asset version error: assets/_scripts/scorecontroller.cs in SourceAssetDB has modification time of '2025-08-02T10:05:06Z' while content on disk has modification time of '2025-08-03T15:11:43Z'
Number of updated asset objects reloaded before import = 0
Number of asset objects unloaded after import = 0
========================================================================
Received Import Request.
  Time since last request: 0.015669 seconds.
  path: Assets/_Scripts/ScoreController.cs
  artifactKey: Guid(df1427d2f6c69d5cf8d32483eb8f3989) Importer(815301076,1909f56bfc062723c751e8b465ee728b)
Start importing Assets/_Scripts/ScoreController.cs using Guid(df1427d2f6c69d5cf8d32483eb8f3989) Importer(815301076,1909f56bfc062723c751e8b465ee728b) [PhysX] Initialized MultithreadedTaskDispatcher with 8 workers.
 -> (artifact id: '00000000000000000000000000000000') in 0.000447 seconds
Import Error Code:(4)
Message: Build asset version error: assets/_scripts/scorecontroller.cs in SourceAssetDB has modification time of '2025-08-02T10:05:06Z' while content on disk has modification time of '2025-08-03T15:11:43Z'
  ERROR: Build asset version error: assets/_scripts/scorecontroller.cs in SourceAssetDB has modification time of '2025-08-02T10:05:06Z' while content on disk has modification time of '2025-08-03T15:11:43Z'
Number of updated asset objects reloaded before import = 0
Number of asset objects unloaded after import = 0
========================================================================
Received Import Request.
  Time since last request: 0.015585 seconds.
  path: Assets/_Scripts/ScoreController.cs
  artifactKey: Guid(df1427d2f6c69d5cf8d32483eb8f3989) Importer(815301076,1909f56bfc062723c751e8b465ee728b)
Start importing Assets/_Scripts/ScoreController.cs using Guid(df1427d2f6c69d5cf8d32483eb8f3989) Importer(815301076,1909f56bfc062723c751e8b465ee728b) [PhysX] Initialized MultithreadedTaskDispatcher with 8 workers.
 -> (artifact id: '00000000000000000000000000000000') in 0.000531 seconds
Import Error Code:(4)
Message: Build asset version error: assets/_scripts/scorecontroller.cs in SourceAssetDB has modification time of '2025-08-02T10:05:06Z' while content on disk has modification time of '2025-08-03T15:11:43Z'
  ERROR: Build asset version error: assets/_scripts/scorecontroller.cs in SourceAssetDB has modification time of '2025-08-02T10:05:06Z' while content on disk has modification time of '2025-08-03T15:11:43Z'
Number of updated asset objects reloaded before import = 0
Number of asset objects unloaded after import = 0
========================================================================
Received Import Request.
  Time since last request: 0.015816 seconds.
  path: Assets/_Scripts/ScoreController.cs
  artifactKey: Guid(df1427d2f6c69d5cf8d32483eb8f3989) Importer(815301076,1909f56bfc062723c751e8b465ee728b)
Start importing Assets/_Scripts/ScoreController.cs using Guid(df1427d2f6c69d5cf8d32483eb8f3989) Importer(815301076,1909f56bfc062723c751e8b465ee728b) [PhysX] Initialized MultithreadedTaskDispatcher with 8 workers.
 -> (artifact id: '00000000000000000000000000000000') in 0.000630 seconds
Import Error Code:(4)
Message: Build asset version error: assets/_scripts/scorecontroller.cs in SourceAssetDB has modification time of '2025-08-02T10:05:06Z' while content on disk has modification time of '2025-08-03T15:11:43Z'
  ERROR: Build asset version error: assets/_scripts/scorecontroller.cs in SourceAssetDB has modification time of '2025-08-02T10:05:06Z' while content on disk has modification time of '2025-08-03T15:11:43Z'
Number of updated asset objects reloaded before import = 0
Number of asset objects unloaded after import = 0
========================================================================
Received Import Request.
  Time since last request: 0.015756 seconds.
  path: Assets/_Scripts/ScoreController.cs
  artifactKey: Guid(df1427d2f6c69d5cf8d32483eb8f3989) Importer(815301076,1909f56bfc062723c751e8b465ee728b)
Start importing Assets/_Scripts/ScoreController.cs using Guid(df1427d2f6c69d5cf8d32483eb8f3989) Importer(815301076,1909f56bfc062723c751e8b465ee728b) [PhysX] Initialized MultithreadedTaskDispatcher with 8 workers.
 -> (artifact id: '00000000000000000000000000000000') in 0.000629 seconds
Import Error Code:(4)
Message: Build asset version error: assets/_scripts/scorecontroller.cs in SourceAssetDB has modification time of '2025-08-02T10:05:06Z' while content on disk has modification time of '2025-08-03T15:11:43Z'
  ERROR: Build asset version error: assets/_scripts/scorecontroller.cs in SourceAssetDB has modification time of '2025-08-02T10:05:06Z' while content on disk has modification time of '2025-08-03T15:11:43Z'
Number of updated asset objects reloaded before import = 0
Number of asset objects unloaded after import = 0
========================================================================
Received Import Request.
  Time since last request: 0.015623 seconds.
  path: Assets/_Scripts/ScoreController.cs
  artifactKey: Guid(df1427d2f6c69d5cf8d32483eb8f3989) Importer(815301076,1909f56bfc062723c751e8b465ee728b)
Start importing Assets/_Scripts/ScoreController.cs using Guid(df1427d2f6c69d5cf8d32483eb8f3989) Importer(815301076,1909f56bfc062723c751e8b465ee728b) [PhysX] Initialized MultithreadedTaskDispatcher with 8 workers.
 -> (artifact id: '00000000000000000000000000000000') in 0.000520 seconds
Import Error Code:(4)
Message: Build asset version error: assets/_scripts/scorecontroller.cs in SourceAssetDB has modification time of '2025-08-02T10:05:06Z' while content on disk has modification time of '2025-08-03T15:11:43Z'
  ERROR: Build asset version error: assets/_scripts/scorecontroller.cs in SourceAssetDB has modification time of '2025-08-02T10:05:06Z' while content on disk has modification time of '2025-08-03T15:11:43Z'
Number of updated asset objects reloaded before import = 0
Number of asset objects unloaded after import = 0
========================================================================
Received Import Request.
  Time since last request: 0.016014 seconds.
  path: Assets/_Scripts/ScoreController.cs
  artifactKey: Guid(df1427d2f6c69d5cf8d32483eb8f3989) Importer(815301076,1909f56bfc062723c751e8b465ee728b)
Start importing Assets/_Scripts/ScoreController.cs using Guid(df1427d2f6c69d5cf8d32483eb8f3989) Importer(815301076,1909f56bfc062723c751e8b465ee728b) [PhysX] Initialized MultithreadedTaskDispatcher with 8 workers.
 -> (artifact id: '00000000000000000000000000000000') in 0.000473 seconds
Import Error Code:(4)
Message: Build asset version error: assets/_scripts/scorecontroller.cs in SourceAssetDB has modification time of '2025-08-02T10:05:06Z' while content on disk has modification time of '2025-08-03T15:11:43Z'
  ERROR: Build asset version error: assets/_scripts/scorecontroller.cs in SourceAssetDB has modification time of '2025-08-02T10:05:06Z' while content on disk has modification time of '2025-08-03T15:11:43Z'
Number of updated asset objects reloaded before import = 0
Number of asset objects unloaded after import = 0
========================================================================
Received Import Request.
  Time since last request: 0.015207 seconds.
  path: Assets/_Scripts/ScoreController.cs
  artifactKey: Guid(df1427d2f6c69d5cf8d32483eb8f3989) Importer(815301076,1909f56bfc062723c751e8b465ee728b)
Start importing Assets/_Scripts/ScoreController.cs using Guid(df1427d2f6c69d5cf8d32483eb8f3989) Importer(815301076,1909f56bfc062723c751e8b465ee728b) [PhysX] Initialized MultithreadedTaskDispatcher with 8 workers.
 -> (artifact id: '00000000000000000000000000000000') in 0.000432 seconds
Import Error Code:(4)
Message: Build asset version error: assets/_scripts/scorecontroller.cs in SourceAssetDB has modification time of '2025-08-02T10:05:06Z' while content on disk has modification time of '2025-08-03T15:11:43Z'
  ERROR: Build asset version error: assets/_scripts/scorecontroller.cs in SourceAssetDB has modification time of '2025-08-02T10:05:06Z' while content on disk has modification time of '2025-08-03T15:11:43Z'
Number of updated asset objects reloaded before import = 0
Number of asset objects unloaded after import = 0
========================================================================
Received Import Request.
  Time since last request: 0.016898 seconds.
  path: Assets/_Scripts/ScoreController.cs
  artifactKey: Guid(df1427d2f6c69d5cf8d32483eb8f3989) Importer(815301076,1909f56bfc062723c751e8b465ee728b)
Start importing Assets/_Scripts/ScoreController.cs using Guid(df1427d2f6c69d5cf8d32483eb8f3989) Importer(815301076,1909f56bfc062723c751e8b465ee728b) [PhysX] Initialized MultithreadedTaskDispatcher with 8 workers.
 -> (artifact id: '00000000000000000000000000000000') in 0.000457 seconds
Import Error Code:(4)
Message: Build asset version error: assets/_scripts/scorecontroller.cs in SourceAssetDB has modification time of '2025-08-02T10:05:06Z' while content on disk has modification time of '2025-08-03T15:11:43Z'
  ERROR: Build asset version error: assets/_scripts/scorecontroller.cs in SourceAssetDB has modification time of '2025-08-02T10:05:06Z' while content on disk has modification time of '2025-08-03T15:11:43Z'
Number of updated asset objects reloaded before import = 0
Number of asset objects unloaded after import = 0
========================================================================
Received Import Request.
  Time since last request: 0.014124 seconds.
  path: Assets/_Scripts/ScoreController.cs
  artifactKey: Guid(df1427d2f6c69d5cf8d32483eb8f3989) Importer(815301076,1909f56bfc062723c751e8b465ee728b)
Start importing Assets/_Scripts/ScoreController.cs using Guid(df1427d2f6c69d5cf8d32483eb8f3989) Importer(815301076,1909f56bfc062723c751e8b465ee728b) [PhysX] Initialized MultithreadedTaskDispatcher with 8 workers.
 -> (artifact id: '00000000000000000000000000000000') in 0.000446 seconds
Import Error Code:(4)
Message: Build asset version error: assets/_scripts/scorecontroller.cs in SourceAssetDB has modification time of '2025-08-02T10:05:06Z' while content on disk has modification time of '2025-08-03T15:11:43Z'
  ERROR: Build asset version error: assets/_scripts/scorecontroller.cs in SourceAssetDB has modification time of '2025-08-02T10:05:06Z' while content on disk has modification time of '2025-08-03T15:11:43Z'
Number of updated asset objects reloaded before import = 0
Number of asset objects unloaded after import = 0
========================================================================
Received Import Request.
  Time since last request: 0.015933 seconds.
  path: Assets/_Scripts/ScoreController.cs
  artifactKey: Guid(df1427d2f6c69d5cf8d32483eb8f3989) Importer(815301076,1909f56bfc062723c751e8b465ee728b)
Start importing Assets/_Scripts/ScoreController.cs using Guid(df1427d2f6c69d5cf8d32483eb8f3989) Importer(815301076,1909f56bfc062723c751e8b465ee728b) [PhysX] Initialized MultithreadedTaskDispatcher with 8 workers.
 -> (artifact id: '00000000000000000000000000000000') in 0.000477 seconds
Import Error Code:(4)
Message: Build asset version error: assets/_scripts/scorecontroller.cs in SourceAssetDB has modification time of '2025-08-02T10:05:06Z' while content on disk has modification time of '2025-08-03T15:11:43Z'
  ERROR: Build asset version error: assets/_scripts/scorecontroller.cs in SourceAssetDB has modification time of '2025-08-02T10:05:06Z' while content on disk has modification time of '2025-08-03T15:11:43Z'
Number of updated asset objects reloaded before import = 0
Number of asset objects unloaded after import = 0
========================================================================
Received Import Request.
  Time since last request: 0.016093 seconds.
  path: Assets/_Scripts/ScoreController.cs
  artifactKey: Guid(df1427d2f6c69d5cf8d32483eb8f3989) Importer(815301076,1909f56bfc062723c751e8b465ee728b)
Start importing Assets/_Scripts/ScoreController.cs using Guid(df1427d2f6c69d5cf8d32483eb8f3989) Importer(815301076,1909f56bfc062723c751e8b465ee728b) [PhysX] Initialized MultithreadedTaskDispatcher with 8 workers.
 -> (artifact id: '00000000000000000000000000000000') in 0.000427 seconds
Import Error Code:(4)
Message: Build asset version error: assets/_scripts/scorecontroller.cs in SourceAssetDB has modification time of '2025-08-02T10:05:06Z' while content on disk has modification time of '2025-08-03T15:11:43Z'
  ERROR: Build asset version error: assets/_scripts/scorecontroller.cs in SourceAssetDB has modification time of '2025-08-02T10:05:06Z' while content on disk has modification time of '2025-08-03T15:11:43Z'
Number of updated asset objects reloaded before import = 0
Number of asset objects unloaded after import = 0
========================================================================
Received Import Request.
  Time since last request: 0.015289 seconds.
  path: Assets/_Scripts/ScoreController.cs
  artifactKey: Guid(df1427d2f6c69d5cf8d32483eb8f3989) Importer(815301076,1909f56bfc062723c751e8b465ee728b)
Start importing Assets/_Scripts/ScoreController.cs using Guid(df1427d2f6c69d5cf8d32483eb8f3989) Importer(815301076,1909f56bfc062723c751e8b465ee728b) [PhysX] Initialized MultithreadedTaskDispatcher with 8 workers.
 -> (artifact id: '00000000000000000000000000000000') in 0.000476 seconds
Import Error Code:(4)
Message: Build asset version error: assets/_scripts/scorecontroller.cs in SourceAssetDB has modification time of '2025-08-02T10:05:06Z' while content on disk has modification time of '2025-08-03T15:11:43Z'
  ERROR: Build asset version error: assets/_scripts/scorecontroller.cs in SourceAssetDB has modification time of '2025-08-02T10:05:06Z' while content on disk has modification time of '2025-08-03T15:11:43Z'
Number of updated asset objects reloaded before import = 0
Number of asset objects unloaded after import = 0
========================================================================
Received Import Request.
  Time since last request: 0.015558 seconds.
  path: Assets/_Scripts/ScoreController.cs
  artifactKey: Guid(df1427d2f6c69d5cf8d32483eb8f3989) Importer(815301076,1909f56bfc062723c751e8b465ee728b)
Start importing Assets/_Scripts/ScoreController.cs using Guid(df1427d2f6c69d5cf8d32483eb8f3989) Importer(815301076,1909f56bfc062723c751e8b465ee728b) [PhysX] Initialized MultithreadedTaskDispatcher with 8 workers.
 -> (artifact id: '00000000000000000000000000000000') in 0.000407 seconds
Import Error Code:(4)
Message: Build asset version error: assets/_scripts/scorecontroller.cs in SourceAssetDB has modification time of '2025-08-02T10:05:06Z' while content on disk has modification time of '2025-08-03T15:11:43Z'
  ERROR: Build asset version error: assets/_scripts/scorecontroller.cs in SourceAssetDB has modification time of '2025-08-02T10:05:06Z' while content on disk has modification time of '2025-08-03T15:11:43Z'
Number of updated asset objects reloaded before import = 0
Number of asset objects unloaded after import = 0
========================================================================
Received Import Request.
  Time since last request: 0.016082 seconds.
  path: Assets/_Scripts/ScoreController.cs
  artifactKey: Guid(df1427d2f6c69d5cf8d32483eb8f3989) Importer(815301076,1909f56bfc062723c751e8b465ee728b)
Start importing Assets/_Scripts/ScoreController.cs using Guid(df1427d2f6c69d5cf8d32483eb8f3989) Importer(815301076,1909f56bfc062723c751e8b465ee728b) [PhysX] Initialized MultithreadedTaskDispatcher with 8 workers.
 -> (artifact id: '00000000000000000000000000000000') in 0.000455 seconds
Import Error Code:(4)
Message: Build asset version error: assets/_scripts/scorecontroller.cs in SourceAssetDB has modification time of '2025-08-02T10:05:06Z' while content on disk has modification time of '2025-08-03T15:11:43Z'
  ERROR: Build asset version error: assets/_scripts/scorecontroller.cs in SourceAssetDB has modification time of '2025-08-02T10:05:06Z' while content on disk has modification time of '2025-08-03T15:11:43Z'
Number of updated asset objects reloaded before import = 0
Number of asset objects unloaded after import = 0
========================================================================
Received Import Request.
  Time since last request: 0.015644 seconds.
  path: Assets/_Scripts/ScoreController.cs
  artifactKey: Guid(df1427d2f6c69d5cf8d32483eb8f3989) Importer(815301076,1909f56bfc062723c751e8b465ee728b)
Start importing Assets/_Scripts/ScoreController.cs using Guid(df1427d2f6c69d5cf8d32483eb8f3989) Importer(815301076,1909f56bfc062723c751e8b465ee728b) [PhysX] Initialized MultithreadedTaskDispatcher with 8 workers.
 -> (artifact id: '00000000000000000000000000000000') in 0.000548 seconds
Import Error Code:(4)
Message: Build asset version error: assets/_scripts/scorecontroller.cs in SourceAssetDB has modification time of '2025-08-02T10:05:06Z' while content on disk has modification time of '2025-08-03T15:11:43Z'
  ERROR: Build asset version error: assets/_scripts/scorecontroller.cs in SourceAssetDB has modification time of '2025-08-02T10:05:06Z' while content on disk has modification time of '2025-08-03T15:11:43Z'
Number of updated asset objects reloaded before import = 0
Number of asset objects unloaded after import = 0
========================================================================
Received Import Request.
  Time since last request: 0.015527 seconds.
  path: Assets/_Scripts/ScoreController.cs
  artifactKey: Guid(df1427d2f6c69d5cf8d32483eb8f3989) Importer(815301076,1909f56bfc062723c751e8b465ee728b)
Start importing Assets/_Scripts/ScoreController.cs using Guid(df1427d2f6c69d5cf8d32483eb8f3989) Importer(815301076,1909f56bfc062723c751e8b465ee728b) [PhysX] Initialized MultithreadedTaskDispatcher with 8 workers.
 -> (artifact id: '00000000000000000000000000000000') in 0.000485 seconds
Import Error Code:(4)
Message: Build asset version error: assets/_scripts/scorecontroller.cs in SourceAssetDB has modification time of '2025-08-02T10:05:06Z' while content on disk has modification time of '2025-08-03T15:11:43Z'
  ERROR: Build asset version error: assets/_scripts/scorecontroller.cs in SourceAssetDB has modification time of '2025-08-02T10:05:06Z' while content on disk has modification time of '2025-08-03T15:11:43Z'
Number of updated asset objects reloaded before import = 0
Number of asset objects unloaded after import = 0
========================================================================
Received Import Request.
  Time since last request: 0.016114 seconds.
  path: Assets/_Scripts/ScoreController.cs
  artifactKey: Guid(df1427d2f6c69d5cf8d32483eb8f3989) Importer(815301076,1909f56bfc062723c751e8b465ee728b)
Start importing Assets/_Scripts/ScoreController.cs using Guid(df1427d2f6c69d5cf8d32483eb8f3989) Importer(815301076,1909f56bfc062723c751e8b465ee728b) [PhysX] Initialized MultithreadedTaskDispatcher with 8 workers.
 -> (artifact id: '00000000000000000000000000000000') in 0.000412 seconds
Import Error Code:(4)
Message: Build asset version error: assets/_scripts/scorecontroller.cs in SourceAssetDB has modification time of '2025-08-02T10:05:06Z' while content on disk has modification time of '2025-08-03T15:11:43Z'
  ERROR: Build asset version error: assets/_scripts/scorecontroller.cs in SourceAssetDB has modification time of '2025-08-02T10:05:06Z' while content on disk has modification time of '2025-08-03T15:11:43Z'
Number of updated asset objects reloaded before import = 0
Number of asset objects unloaded after import = 0
========================================================================
Received Import Request.
  Time since last request: 0.015847 seconds.
  path: Assets/_Scripts/ScoreController.cs
  artifactKey: Guid(df1427d2f6c69d5cf8d32483eb8f3989) Importer(815301076,1909f56bfc062723c751e8b465ee728b)
Start importing Assets/_Scripts/ScoreController.cs using Guid(df1427d2f6c69d5cf8d32483eb8f3989) Importer(815301076,1909f56bfc062723c751e8b465ee728b) [PhysX] Initialized MultithreadedTaskDispatcher with 8 workers.
 -> (artifact id: '00000000000000000000000000000000') in 0.000487 seconds
Import Error Code:(4)
Message: Build asset version error: assets/_scripts/scorecontroller.cs in SourceAssetDB has modification time of '2025-08-02T10:05:06Z' while content on disk has modification time of '2025-08-03T15:11:43Z'
  ERROR: Build asset version error: assets/_scripts/scorecontroller.cs in SourceAssetDB has modification time of '2025-08-02T10:05:06Z' while content on disk has modification time of '2025-08-03T15:11:43Z'
Number of updated asset objects reloaded before import = 0
Number of asset objects unloaded after import = 0
========================================================================
Received Import Request.
  Time since last request: 0.015624 seconds.
  path: Assets/_Scripts/ScoreController.cs
  artifactKey: Guid(df1427d2f6c69d5cf8d32483eb8f3989) Importer(815301076,1909f56bfc062723c751e8b465ee728b)
Start importing Assets/_Scripts/ScoreController.cs using Guid(df1427d2f6c69d5cf8d32483eb8f3989) Importer(815301076,1909f56bfc062723c751e8b465ee728b) [PhysX] Initialized MultithreadedTaskDispatcher with 8 workers.
 -> (artifact id: '00000000000000000000000000000000') in 0.000465 seconds
Import Error Code:(4)
Message: Build asset version error: assets/_scripts/scorecontroller.cs in SourceAssetDB has modification time of '2025-08-02T10:05:06Z' while content on disk has modification time of '2025-08-03T15:11:43Z'
  ERROR: Build asset version error: assets/_scripts/scorecontroller.cs in SourceAssetDB has modification time of '2025-08-02T10:05:06Z' while content on disk has modification time of '2025-08-03T15:11:43Z'
Number of updated asset objects reloaded before import = 0
Number of asset objects unloaded after import = 0
========================================================================
Received Import Request.
  Time since last request: 0.015486 seconds.
  path: Assets/_Scripts/ScoreController.cs
  artifactKey: Guid(df1427d2f6c69d5cf8d32483eb8f3989) Importer(815301076,1909f56bfc062723c751e8b465ee728b)
Start importing Assets/_Scripts/ScoreController.cs using Guid(df1427d2f6c69d5cf8d32483eb8f3989) Importer(815301076,1909f56bfc062723c751e8b465ee728b) [PhysX] Initialized MultithreadedTaskDispatcher with 8 workers.
 -> (artifact id: '00000000000000000000000000000000') in 0.000562 seconds
Import Error Code:(4)
Message: Build asset version error: assets/_scripts/scorecontroller.cs in SourceAssetDB has modification time of '2025-08-02T10:05:06Z' while content on disk has modification time of '2025-08-03T15:11:43Z'
  ERROR: Build asset version error: assets/_scripts/scorecontroller.cs in SourceAssetDB has modification time of '2025-08-02T10:05:06Z' while content on disk has modification time of '2025-08-03T15:11:43Z'
Number of updated asset objects reloaded before import = 0
Number of asset objects unloaded after import = 0
========================================================================
Received Import Request.
  Time since last request: 0.015772 seconds.
  path: Assets/_Scripts/ScoreController.cs
  artifactKey: Guid(df1427d2f6c69d5cf8d32483eb8f3989) Importer(815301076,1909f56bfc062723c751e8b465ee728b)
Start importing Assets/_Scripts/ScoreController.cs using Guid(df1427d2f6c69d5cf8d32483eb8f3989) Importer(815301076,1909f56bfc062723c751e8b465ee728b) [PhysX] Initialized MultithreadedTaskDispatcher with 8 workers.
 -> (artifact id: '00000000000000000000000000000000') in 0.000377 seconds
Import Error Code:(4)
Message: Build asset version error: assets/_scripts/scorecontroller.cs in SourceAssetDB has modification time of '2025-08-02T10:05:06Z' while content on disk has modification time of '2025-08-03T15:11:43Z'
  ERROR: Build asset version error: assets/_scripts/scorecontroller.cs in SourceAssetDB has modification time of '2025-08-02T10:05:06Z' while content on disk has modification time of '2025-08-03T15:11:43Z'
Number of updated asset objects reloaded before import = 0
Number of asset objects unloaded after import = 0
========================================================================
Received Import Request.
  Time since last request: 0.015710 seconds.
  path: Assets/_Scripts/ScoreController.cs
  artifactKey: Guid(df1427d2f6c69d5cf8d32483eb8f3989) Importer(815301076,1909f56bfc062723c751e8b465ee728b)
Start importing Assets/_Scripts/ScoreController.cs using Guid(df1427d2f6c69d5cf8d32483eb8f3989) Importer(815301076,1909f56bfc062723c751e8b465ee728b) [PhysX] Initialized MultithreadedTaskDispatcher with 8 workers.
 -> (artifact id: '00000000000000000000000000000000') in 0.000417 seconds
Import Error Code:(4)
Message: Build asset version error: assets/_scripts/scorecontroller.cs in SourceAssetDB has modification time of '2025-08-02T10:05:06Z' while content on disk has modification time of '2025-08-03T15:11:43Z'
  ERROR: Build asset version error: assets/_scripts/scorecontroller.cs in SourceAssetDB has modification time of '2025-08-02T10:05:06Z' while content on disk has modification time of '2025-08-03T15:11:43Z'
Number of updated asset objects reloaded before import = 0
Number of asset objects unloaded after import = 0
========================================================================
Received Import Request.
  Time since last request: 0.015636 seconds.
  path: Assets/_Scripts/ScoreController.cs
  artifactKey: Guid(df1427d2f6c69d5cf8d32483eb8f3989) Importer(815301076,1909f56bfc062723c751e8b465ee728b)
Start importing Assets/_Scripts/ScoreController.cs using Guid(df1427d2f6c69d5cf8d32483eb8f3989) Importer(815301076,1909f56bfc062723c751e8b465ee728b) [PhysX] Initialized MultithreadedTaskDispatcher with 8 workers.
 -> (artifact id: '00000000000000000000000000000000') in 0.000454 seconds
Import Error Code:(4)
Message: Build asset version error: assets/_scripts/scorecontroller.cs in SourceAssetDB has modification time of '2025-08-02T10:05:06Z' while content on disk has modification time of '2025-08-03T15:11:43Z'
  ERROR: Build asset version error: assets/_scripts/scorecontroller.cs in SourceAssetDB has modification time of '2025-08-02T10:05:06Z' while content on disk has modification time of '2025-08-03T15:11:43Z'
Number of updated asset objects reloaded before import = 0
Number of asset objects unloaded after import = 0
========================================================================
Received Import Request.
  Time since last request: 0.016222 seconds.
  path: Assets/_Scripts/ScoreController.cs
  artifactKey: Guid(df1427d2f6c69d5cf8d32483eb8f3989) Importer(815301076,1909f56bfc062723c751e8b465ee728b)
Start importing Assets/_Scripts/ScoreController.cs using Guid(df1427d2f6c69d5cf8d32483eb8f3989) Importer(815301076,1909f56bfc062723c751e8b465ee728b) [PhysX] Initialized MultithreadedTaskDispatcher with 8 workers.
 -> (artifact id: '00000000000000000000000000000000') in 0.000420 seconds
Import Error Code:(4)
Message: Build asset version error: assets/_scripts/scorecontroller.cs in SourceAssetDB has modification time of '2025-08-02T10:05:06Z' while content on disk has modification time of '2025-08-03T15:11:43Z'
  ERROR: Build asset version error: assets/_scripts/scorecontroller.cs in SourceAssetDB has modification time of '2025-08-02T10:05:06Z' while content on disk has modification time of '2025-08-03T15:11:43Z'
Number of updated asset objects reloaded before import = 0
Number of asset objects unloaded after import = 0
========================================================================
Received Import Request.
  Time since last request: 0.014782 seconds.
  path: Assets/_Scripts/ScoreController.cs
  artifactKey: Guid(df1427d2f6c69d5cf8d32483eb8f3989) Importer(815301076,1909f56bfc062723c751e8b465ee728b)
Start importing Assets/_Scripts/ScoreController.cs using Guid(df1427d2f6c69d5cf8d32483eb8f3989) Importer(815301076,1909f56bfc062723c751e8b465ee728b) [PhysX] Initialized MultithreadedTaskDispatcher with 8 workers.
 -> (artifact id: '00000000000000000000000000000000') in 0.000392 seconds
Import Error Code:(4)
Message: Build asset version error: assets/_scripts/scorecontroller.cs in SourceAssetDB has modification time of '2025-08-02T10:05:06Z' while content on disk has modification time of '2025-08-03T15:11:43Z'
  ERROR: Build asset version error: assets/_scripts/scorecontroller.cs in SourceAssetDB has modification time of '2025-08-02T10:05:06Z' while content on disk has modification time of '2025-08-03T15:11:43Z'
Number of updated asset objects reloaded before import = 0
Number of asset objects unloaded after import = 0
========================================================================
Received Import Request.
  Time since last request: 0.017337 seconds.
  path: Assets/_Scripts/ScoreController.cs
  artifactKey: Guid(df1427d2f6c69d5cf8d32483eb8f3989) Importer(815301076,1909f56bfc062723c751e8b465ee728b)
Start importing Assets/_Scripts/ScoreController.cs using Guid(df1427d2f6c69d5cf8d32483eb8f3989) Importer(815301076,1909f56bfc062723c751e8b465ee728b) [PhysX] Initialized MultithreadedTaskDispatcher with 8 workers.
 -> (artifact id: '00000000000000000000000000000000') in 0.000429 seconds
Import Error Code:(4)
Message: Build asset version error: assets/_scripts/scorecontroller.cs in SourceAssetDB has modification time of '2025-08-02T10:05:06Z' while content on disk has modification time of '2025-08-03T15:11:43Z'
  ERROR: Build asset version error: assets/_scripts/scorecontroller.cs in SourceAssetDB has modification time of '2025-08-02T10:05:06Z' while content on disk has modification time of '2025-08-03T15:11:43Z'
Number of updated asset objects reloaded before import = 0
Number of asset objects unloaded after import = 0
========================================================================
Received Import Request.
  Time since last request: 0.014484 seconds.
  path: Assets/_Scripts/ScoreController.cs
  artifactKey: Guid(df1427d2f6c69d5cf8d32483eb8f3989) Importer(815301076,1909f56bfc062723c751e8b465ee728b)
Start importing Assets/_Scripts/ScoreController.cs using Guid(df1427d2f6c69d5cf8d32483eb8f3989) Importer(815301076,1909f56bfc062723c751e8b465ee728b) [PhysX] Initialized MultithreadedTaskDispatcher with 8 workers.
 -> (artifact id: '00000000000000000000000000000000') in 0.000506 seconds
Import Error Code:(4)
Message: Build asset version error: assets/_scripts/scorecontroller.cs in SourceAssetDB has modification time of '2025-08-02T10:05:06Z' while content on disk has modification time of '2025-08-03T15:11:43Z'
  ERROR: Build asset version error: assets/_scripts/scorecontroller.cs in SourceAssetDB has modification time of '2025-08-02T10:05:06Z' while content on disk has modification time of '2025-08-03T15:11:43Z'
Number of updated asset objects reloaded before import = 0
Number of asset objects unloaded after import = 0
========================================================================
Received Import Request.
  Time since last request: 0.017441 seconds.
  path: Assets/_Scripts/ScoreController.cs
  artifactKey: Guid(df1427d2f6c69d5cf8d32483eb8f3989) Importer(815301076,1909f56bfc062723c751e8b465ee728b)
Start importing Assets/_Scripts/ScoreController.cs using Guid(df1427d2f6c69d5cf8d32483eb8f3989) Importer(815301076,1909f56bfc062723c751e8b465ee728b) [PhysX] Initialized MultithreadedTaskDispatcher with 8 workers.
 -> (artifact id: '00000000000000000000000000000000') in 0.000470 seconds
Import Error Code:(4)
Message: Build asset version error: assets/_scripts/scorecontroller.cs in SourceAssetDB has modification time of '2025-08-02T10:05:06Z' while content on disk has modification time of '2025-08-03T15:11:43Z'
  ERROR: Build asset version error: assets/_scripts/scorecontroller.cs in SourceAssetDB has modification time of '2025-08-02T10:05:06Z' while content on disk has modification time of '2025-08-03T15:11:43Z'
Number of updated asset objects reloaded before import = 0
Number of asset objects unloaded after import = 0
========================================================================
Received Import Request.
  Time since last request: 0.015092 seconds.
  path: Assets/_Scripts/ScoreController.cs
  artifactKey: Guid(df1427d2f6c69d5cf8d32483eb8f3989) Importer(815301076,1909f56bfc062723c751e8b465ee728b)
Start importing Assets/_Scripts/ScoreController.cs using Guid(df1427d2f6c69d5cf8d32483eb8f3989) Importer(815301076,1909f56bfc062723c751e8b465ee728b) [PhysX] Initialized MultithreadedTaskDispatcher with 8 workers.
 -> (artifact id: '00000000000000000000000000000000') in 0.000577 seconds
Import Error Code:(4)
Message: Build asset version error: assets/_scripts/scorecontroller.cs in SourceAssetDB has modification time of '2025-08-02T10:05:06Z' while content on disk has modification time of '2025-08-03T15:11:43Z'
  ERROR: Build asset version error: assets/_scripts/scorecontroller.cs in SourceAssetDB has modification time of '2025-08-02T10:05:06Z' while content on disk has modification time of '2025-08-03T15:11:43Z'
Number of updated asset objects reloaded before import = 0
Number of asset objects unloaded after import = 0
========================================================================
Received Import Request.
  Time since last request: 0.016453 seconds.
  path: Assets/_Scripts/ScoreController.cs
  artifactKey: Guid(df1427d2f6c69d5cf8d32483eb8f3989) Importer(815301076,1909f56bfc062723c751e8b465ee728b)
Start importing Assets/_Scripts/ScoreController.cs using Guid(df1427d2f6c69d5cf8d32483eb8f3989) Importer(815301076,1909f56bfc062723c751e8b465ee728b) [PhysX] Initialized MultithreadedTaskDispatcher with 8 workers.
 -> (artifact id: '00000000000000000000000000000000') in 0.000539 seconds
Import Error Code:(4)
Message: Build asset version error: assets/_scripts/scorecontroller.cs in SourceAssetDB has modification time of '2025-08-02T10:05:06Z' while content on disk has modification time of '2025-08-03T15:11:43Z'
  ERROR: Build asset version error: assets/_scripts/scorecontroller.cs in SourceAssetDB has modification time of '2025-08-02T10:05:06Z' while content on disk has modification time of '2025-08-03T15:11:43Z'
Number of updated asset objects reloaded before import = 0
Number of asset objects unloaded after import = 0
========================================================================
Received Import Request.
  Time since last request: 0.013767 seconds.
  path: Assets/_Scripts/ScoreController.cs
  artifactKey: Guid(df1427d2f6c69d5cf8d32483eb8f3989) Importer(815301076,1909f56bfc062723c751e8b465ee728b)
Start importing Assets/_Scripts/ScoreController.cs using Guid(df1427d2f6c69d5cf8d32483eb8f3989) Importer(815301076,1909f56bfc062723c751e8b465ee728b) [PhysX] Initialized MultithreadedTaskDispatcher with 8 workers.
 -> (artifact id: '00000000000000000000000000000000') in 0.000420 seconds
Import Error Code:(4)
Message: Build asset version error: assets/_scripts/scorecontroller.cs in SourceAssetDB has modification time of '2025-08-02T10:05:06Z' while content on disk has modification time of '2025-08-03T15:11:43Z'
  ERROR: Build asset version error: assets/_scripts/scorecontroller.cs in SourceAssetDB has modification time of '2025-08-02T10:05:06Z' while content on disk has modification time of '2025-08-03T15:11:43Z'
Number of updated asset objects reloaded before import = 0
Number of asset objects unloaded after import = 0
========================================================================
Received Import Request.
  Time since last request: 0.017962 seconds.
  path: Assets/_Scripts/ScoreController.cs
  artifactKey: Guid(df1427d2f6c69d5cf8d32483eb8f3989) Importer(815301076,1909f56bfc062723c751e8b465ee728b)
Start importing Assets/_Scripts/ScoreController.cs using Guid(df1427d2f6c69d5cf8d32483eb8f3989) Importer(815301076,1909f56bfc062723c751e8b465ee728b) [PhysX] Initialized MultithreadedTaskDispatcher with 8 workers.
 -> (artifact id: '00000000000000000000000000000000') in 0.000407 seconds
Import Error Code:(4)
Message: Build asset version error: assets/_scripts/scorecontroller.cs in SourceAssetDB has modification time of '2025-08-02T10:05:06Z' while content on disk has modification time of '2025-08-03T15:11:43Z'
  ERROR: Build asset version error: assets/_scripts/scorecontroller.cs in SourceAssetDB has modification time of '2025-08-02T10:05:06Z' while content on disk has modification time of '2025-08-03T15:11:43Z'
Number of updated asset objects reloaded before import = 0
Number of asset objects unloaded after import = 0
========================================================================
Received Import Request.
  Time since last request: 0.014337 seconds.
  path: Assets/_Scripts/ScoreController.cs
  artifactKey: Guid(df1427d2f6c69d5cf8d32483eb8f3989) Importer(815301076,1909f56bfc062723c751e8b465ee728b)
Start importing Assets/_Scripts/ScoreController.cs using Guid(df1427d2f6c69d5cf8d32483eb8f3989) Importer(815301076,1909f56bfc062723c751e8b465ee728b) [PhysX] Initialized MultithreadedTaskDispatcher with 8 workers.
 -> (artifact id: '00000000000000000000000000000000') in 0.000503 seconds
Import Error Code:(4)
Message: Build asset version error: assets/_scripts/scorecontroller.cs in SourceAssetDB has modification time of '2025-08-02T10:05:06Z' while content on disk has modification time of '2025-08-03T15:11:43Z'
  ERROR: Build asset version error: assets/_scripts/scorecontroller.cs in SourceAssetDB has modification time of '2025-08-02T10:05:06Z' while content on disk has modification time of '2025-08-03T15:11:43Z'
Number of updated asset objects reloaded before import = 0
Number of asset objects unloaded after import = 0
========================================================================
Received Import Request.
  Time since last request: 0.015543 seconds.
  path: Assets/_Scripts/ScoreController.cs
  artifactKey: Guid(df1427d2f6c69d5cf8d32483eb8f3989) Importer(815301076,1909f56bfc062723c751e8b465ee728b)
Start importing Assets/_Scripts/ScoreController.cs using Guid(df1427d2f6c69d5cf8d32483eb8f3989) Importer(815301076,1909f56bfc062723c751e8b465ee728b) [PhysX] Initialized MultithreadedTaskDispatcher with 8 workers.
 -> (artifact id: '00000000000000000000000000000000') in 0.000540 seconds
Import Error Code:(4)
Message: Build asset version error: assets/_scripts/scorecontroller.cs in SourceAssetDB has modification time of '2025-08-02T10:05:06Z' while content on disk has modification time of '2025-08-03T15:11:43Z'
  ERROR: Build asset version error: assets/_scripts/scorecontroller.cs in SourceAssetDB has modification time of '2025-08-02T10:05:06Z' while content on disk has modification time of '2025-08-03T15:11:43Z'
Number of updated asset objects reloaded before import = 0
Number of asset objects unloaded after import = 0
========================================================================
Received Import Request.
  Time since last request: 0.015564 seconds.
  path: Assets/_Scripts/ScoreController.cs
  artifactKey: Guid(df1427d2f6c69d5cf8d32483eb8f3989) Importer(815301076,1909f56bfc062723c751e8b465ee728b)
Start importing Assets/_Scripts/ScoreController.cs using Guid(df1427d2f6c69d5cf8d32483eb8f3989) Importer(815301076,1909f56bfc062723c751e8b465ee728b) [PhysX] Initialized MultithreadedTaskDispatcher with 8 workers.
 -> (artifact id: '00000000000000000000000000000000') in 0.000570 seconds
Import Error Code:(4)
Message: Build asset version error: assets/_scripts/scorecontroller.cs in SourceAssetDB has modification time of '2025-08-02T10:05:06Z' while content on disk has modification time of '2025-08-03T15:11:43Z'
  ERROR: Build asset version error: assets/_scripts/scorecontroller.cs in SourceAssetDB has modification time of '2025-08-02T10:05:06Z' while content on disk has modification time of '2025-08-03T15:11:43Z'
Number of updated asset objects reloaded before import = 0
Number of asset objects unloaded after import = 0
========================================================================
Received Import Request.
  Time since last request: 0.015613 seconds.
  path: Assets/_Scripts/ScoreController.cs
  artifactKey: Guid(df1427d2f6c69d5cf8d32483eb8f3989) Importer(815301076,1909f56bfc062723c751e8b465ee728b)
Start importing Assets/_Scripts/ScoreController.cs using Guid(df1427d2f6c69d5cf8d32483eb8f3989) Importer(815301076,1909f56bfc062723c751e8b465ee728b) [PhysX] Initialized MultithreadedTaskDispatcher with 8 workers.
 -> (artifact id: '00000000000000000000000000000000') in 0.000470 seconds
Import Error Code:(4)
Message: Build asset version error: assets/_scripts/scorecontroller.cs in SourceAssetDB has modification time of '2025-08-02T10:05:06Z' while content on disk has modification time of '2025-08-03T15:11:43Z'
  ERROR: Build asset version error: assets/_scripts/scorecontroller.cs in SourceAssetDB has modification time of '2025-08-02T10:05:06Z' while content on disk has modification time of '2025-08-03T15:11:43Z'
Number of updated asset objects reloaded before import = 0
Number of asset objects unloaded after import = 0
========================================================================
Received Import Request.
  Time since last request: 0.015192 seconds.
  path: Assets/_Scripts/ScoreController.cs
  artifactKey: Guid(df1427d2f6c69d5cf8d32483eb8f3989) Importer(815301076,1909f56bfc062723c751e8b465ee728b)
Start importing Assets/_Scripts/ScoreController.cs using Guid(df1427d2f6c69d5cf8d32483eb8f3989) Importer(815301076,1909f56bfc062723c751e8b465ee728b) [PhysX] Initialized MultithreadedTaskDispatcher with 8 workers.
 -> (artifact id: '00000000000000000000000000000000') in 0.000412 seconds
Import Error Code:(4)
Message: Build asset version error: assets/_scripts/scorecontroller.cs in SourceAssetDB has modification time of '2025-08-02T10:05:06Z' while content on disk has modification time of '2025-08-03T15:11:43Z'
  ERROR: Build asset version error: assets/_scripts/scorecontroller.cs in SourceAssetDB has modification time of '2025-08-02T10:05:06Z' while content on disk has modification time of '2025-08-03T15:11:43Z'
Number of updated asset objects reloaded before import = 0
Number of asset objects unloaded after import = 0
========================================================================
Received Import Request.
  Time since last request: 0.017167 seconds.
  path: Assets/_Scripts/ScoreController.cs
  artifactKey: Guid(df1427d2f6c69d5cf8d32483eb8f3989) Importer(815301076,1909f56bfc062723c751e8b465ee728b)
Start importing Assets/_Scripts/ScoreController.cs using Guid(df1427d2f6c69d5cf8d32483eb8f3989) Importer(815301076,1909f56bfc062723c751e8b465ee728b) [PhysX] Initialized MultithreadedTaskDispatcher with 8 workers.
 -> (artifact id: '00000000000000000000000000000000') in 0.000429 seconds
Import Error Code:(4)
Message: Build asset version error: assets/_scripts/scorecontroller.cs in SourceAssetDB has modification time of '2025-08-02T10:05:06Z' while content on disk has modification time of '2025-08-03T15:11:43Z'
  ERROR: Build asset version error: assets/_scripts/scorecontroller.cs in SourceAssetDB has modification time of '2025-08-02T10:05:06Z' while content on disk has modification time of '2025-08-03T15:11:43Z'
Number of updated asset objects reloaded before import = 0
Number of asset objects unloaded after import = 0
========================================================================
Received Import Request.
  Time since last request: 0.016621 seconds.
  path: Assets/_Scripts/ScoreController.cs
  artifactKey: Guid(df1427d2f6c69d5cf8d32483eb8f3989) Importer(815301076,1909f56bfc062723c751e8b465ee728b)
Start importing Assets/_Scripts/ScoreController.cs using Guid(df1427d2f6c69d5cf8d32483eb8f3989) Importer(815301076,1909f56bfc062723c751e8b465ee728b) [PhysX] Initialized MultithreadedTaskDispatcher with 8 workers.
 -> (artifact id: '00000000000000000000000000000000') in 0.000463 seconds
Import Error Code:(4)
Message: Build asset version error: assets/_scripts/scorecontroller.cs in SourceAssetDB has modification time of '2025-08-02T10:05:06Z' while content on disk has modification time of '2025-08-03T15:11:43Z'
  ERROR: Build asset version error: assets/_scripts/scorecontroller.cs in SourceAssetDB has modification time of '2025-08-02T10:05:06Z' while content on disk has modification time of '2025-08-03T15:11:43Z'
Number of updated asset objects reloaded before import = 0
Number of asset objects unloaded after import = 0
========================================================================
Received Import Request.
  Time since last request: 0.003136 seconds.
  path: Assets/_Scripts/ScoreController.cs
  artifactKey: Guid(df1427d2f6c69d5cf8d32483eb8f3989) Importer(815301076,1909f56bfc062723c751e8b465ee728b)
Start importing Assets/_Scripts/ScoreController.cs using Guid(df1427d2f6c69d5cf8d32483eb8f3989) Importer(815301076,1909f56bfc062723c751e8b465ee728b) [PhysX] Initialized MultithreadedTaskDispatcher with 8 workers.
 -> (artifact id: '00000000000000000000000000000000') in 0.000509 seconds
Import Error Code:(4)
Message: Build asset version error: assets/_scripts/scorecontroller.cs in SourceAssetDB has modification time of '2025-08-02T10:05:06Z' while content on disk has modification time of '2025-08-03T15:11:43Z'
  ERROR: Build asset version error: assets/_scripts/scorecontroller.cs in SourceAssetDB has modification time of '2025-08-02T10:05:06Z' while content on disk has modification time of '2025-08-03T15:11:43Z'
Number of updated asset objects reloaded before import = 0
Number of asset objects unloaded after import = 0
========================================================================
Received Import Request.
  Time since last request: 0.021258 seconds.
  path: Assets/_Scripts/ScoreController.cs
  artifactKey: Guid(df1427d2f6c69d5cf8d32483eb8f3989) Importer(815301076,1909f56bfc062723c751e8b465ee728b)
Start importing Assets/_Scripts/ScoreController.cs using Guid(df1427d2f6c69d5cf8d32483eb8f3989) Importer(815301076,1909f56bfc062723c751e8b465ee728b) [PhysX] Initialized MultithreadedTaskDispatcher with 8 workers.
 -> (artifact id: '00000000000000000000000000000000') in 0.000524 seconds
Import Error Code:(4)
Message: Build asset version error: assets/_scripts/scorecontroller.cs in SourceAssetDB has modification time of '2025-08-02T10:05:06Z' while content on disk has modification time of '2025-08-03T15:11:43Z'
  ERROR: Build asset version error: assets/_scripts/scorecontroller.cs in SourceAssetDB has modification time of '2025-08-02T10:05:06Z' while content on disk has modification time of '2025-08-03T15:11:43Z'
Number of updated asset objects reloaded before import = 0
Number of asset objects unloaded after import = 0
========================================================================
Received Import Request.
  Time since last request: 0.012119 seconds.
  path: Assets/_Scripts/ScoreController.cs
  artifactKey: Guid(df1427d2f6c69d5cf8d32483eb8f3989) Importer(815301076,1909f56bfc062723c751e8b465ee728b)
Start importing Assets/_Scripts/ScoreController.cs using Guid(df1427d2f6c69d5cf8d32483eb8f3989) Importer(815301076,1909f56bfc062723c751e8b465ee728b) [PhysX] Initialized MultithreadedTaskDispatcher with 8 workers.
 -> (artifact id: '00000000000000000000000000000000') in 0.000456 seconds
Import Error Code:(4)
Message: Build asset version error: assets/_scripts/scorecontroller.cs in SourceAssetDB has modification time of '2025-08-02T10:05:06Z' while content on disk has modification time of '2025-08-03T15:11:43Z'
  ERROR: Build asset version error: assets/_scripts/scorecontroller.cs in SourceAssetDB has modification time of '2025-08-02T10:05:06Z' while content on disk has modification time of '2025-08-03T15:11:43Z'
Number of updated asset objects reloaded before import = 0
Number of asset objects unloaded after import = 0
========================================================================
Received Import Request.
  Time since last request: 0.010898 seconds.
  path: Assets/_Scripts/ScoreController.cs
  artifactKey: Guid(df1427d2f6c69d5cf8d32483eb8f3989) Importer(815301076,1909f56bfc062723c751e8b465ee728b)
Start importing Assets/_Scripts/ScoreController.cs using Guid(df1427d2f6c69d5cf8d32483eb8f3989) Importer(815301076,1909f56bfc062723c751e8b465ee728b) [PhysX] Initialized MultithreadedTaskDispatcher with 8 workers.
 -> (artifact id: '00000000000000000000000000000000') in 0.000405 seconds
Import Error Code:(4)
Message: Build asset version error: assets/_scripts/scorecontroller.cs in SourceAssetDB has modification time of '2025-08-02T10:05:06Z' while content on disk has modification time of '2025-08-03T15:11:43Z'
  ERROR: Build asset version error: assets/_scripts/scorecontroller.cs in SourceAssetDB has modification time of '2025-08-02T10:05:06Z' while content on disk has modification time of '2025-08-03T15:11:43Z'
Number of updated asset objects reloaded before import = 0
Number of asset objects unloaded after import = 0
========================================================================
Received Import Request.
  Time since last request: 0.013307 seconds.
  path: Assets/_Scripts/ScoreController.cs
  artifactKey: Guid(df1427d2f6c69d5cf8d32483eb8f3989) Importer(815301076,1909f56bfc062723c751e8b465ee728b)
Start importing Assets/_Scripts/ScoreController.cs using Guid(df1427d2f6c69d5cf8d32483eb8f3989) Importer(815301076,1909f56bfc062723c751e8b465ee728b) [PhysX] Initialized MultithreadedTaskDispatcher with 8 workers.
 -> (artifact id: '00000000000000000000000000000000') in 0.000510 seconds
Import Error Code:(4)
Message: Build asset version error: assets/_scripts/scorecontroller.cs in SourceAssetDB has modification time of '2025-08-02T10:05:06Z' while content on disk has modification time of '2025-08-03T15:11:43Z'
  ERROR: Build asset version error: assets/_scripts/scorecontroller.cs in SourceAssetDB has modification time of '2025-08-02T10:05:06Z' while content on disk has modification time of '2025-08-03T15:11:43Z'
Number of updated asset objects reloaded before import = 0
Number of asset objects unloaded after import = 0
========================================================================
Received Import Request.
  Time since last request: 0.015326 seconds.
  path: Assets/_Scripts/ScoreController.cs
  artifactKey: Guid(df1427d2f6c69d5cf8d32483eb8f3989) Importer(815301076,1909f56bfc062723c751e8b465ee728b)
Start importing Assets/_Scripts/ScoreController.cs using Guid(df1427d2f6c69d5cf8d32483eb8f3989) Importer(815301076,1909f56bfc062723c751e8b465ee728b) [PhysX] Initialized MultithreadedTaskDispatcher with 8 workers.
 -> (artifact id: '00000000000000000000000000000000') in 0.000534 seconds
Import Error Code:(4)
Message: Build asset version error: assets/_scripts/scorecontroller.cs in SourceAssetDB has modification time of '2025-08-02T10:05:06Z' while content on disk has modification time of '2025-08-03T15:11:43Z'
  ERROR: Build asset version error: assets/_scripts/scorecontroller.cs in SourceAssetDB has modification time of '2025-08-02T10:05:06Z' while content on disk has modification time of '2025-08-03T15:11:43Z'
Number of updated asset objects reloaded before import = 0
Number of asset objects unloaded after import = 0
========================================================================
Received Import Request.
  Time since last request: 0.015164 seconds.
  path: Assets/_Scripts/ScoreController.cs
  artifactKey: Guid(df1427d2f6c69d5cf8d32483eb8f3989) Importer(815301076,1909f56bfc062723c751e8b465ee728b)
Start importing Assets/_Scripts/ScoreController.cs using Guid(df1427d2f6c69d5cf8d32483eb8f3989) Importer(815301076,1909f56bfc062723c751e8b465ee728b) [PhysX] Initialized MultithreadedTaskDispatcher with 8 workers.
 -> (artifact id: '00000000000000000000000000000000') in 0.000534 seconds
Import Error Code:(4)
Message: Build asset version error: assets/_scripts/scorecontroller.cs in SourceAssetDB has modification time of '2025-08-02T10:05:06Z' while content on disk has modification time of '2025-08-03T15:11:43Z'
  ERROR: Build asset version error: assets/_scripts/scorecontroller.cs in SourceAssetDB has modification time of '2025-08-02T10:05:06Z' while content on disk has modification time of '2025-08-03T15:11:43Z'
Number of updated asset objects reloaded before import = 0
Number of asset objects unloaded after import = 0
========================================================================
Received Import Request.
  Time since last request: 0.016217 seconds.
  path: Assets/_Scripts/ScoreController.cs
  artifactKey: Guid(df1427d2f6c69d5cf8d32483eb8f3989) Importer(815301076,1909f56bfc062723c751e8b465ee728b)
Start importing Assets/_Scripts/ScoreController.cs using Guid(df1427d2f6c69d5cf8d32483eb8f3989) Importer(815301076,1909f56bfc062723c751e8b465ee728b) [PhysX] Initialized MultithreadedTaskDispatcher with 8 workers.
 -> (artifact id: '00000000000000000000000000000000') in 0.000419 seconds
Import Error Code:(4)
Message: Build asset version error: assets/_scripts/scorecontroller.cs in SourceAssetDB has modification time of '2025-08-02T10:05:06Z' while content on disk has modification time of '2025-08-03T15:11:43Z'
  ERROR: Build asset version error: assets/_scripts/scorecontroller.cs in SourceAssetDB has modification time of '2025-08-02T10:05:06Z' while content on disk has modification time of '2025-08-03T15:11:43Z'
Number of updated asset objects reloaded before import = 0
Number of asset objects unloaded after import = 0
========================================================================
Received Import Request.
  Time since last request: 0.016005 seconds.
  path: Assets/_Scripts/ScoreController.cs
  artifactKey: Guid(df1427d2f6c69d5cf8d32483eb8f3989) Importer(815301076,1909f56bfc062723c751e8b465ee728b)
Start importing Assets/_Scripts/ScoreController.cs using Guid(df1427d2f6c69d5cf8d32483eb8f3989) Importer(815301076,1909f56bfc062723c751e8b465ee728b) [PhysX] Initialized MultithreadedTaskDispatcher with 8 workers.
 -> (artifact id: '00000000000000000000000000000000') in 0.000478 seconds
Import Error Code:(4)
Message: Build asset version error: assets/_scripts/scorecontroller.cs in SourceAssetDB has modification time of '2025-08-02T10:05:06Z' while content on disk has modification time of '2025-08-03T15:11:43Z'
  ERROR: Build asset version error: assets/_scripts/scorecontroller.cs in SourceAssetDB has modification time of '2025-08-02T10:05:06Z' while content on disk has modification time of '2025-08-03T15:11:43Z'
Number of updated asset objects reloaded before import = 0
Number of asset objects unloaded after import = 0
========================================================================
Received Import Request.
  Time since last request: 0.015761 seconds.
  path: Assets/_Scripts/ScoreController.cs
  artifactKey: Guid(df1427d2f6c69d5cf8d32483eb8f3989) Importer(815301076,1909f56bfc062723c751e8b465ee728b)
Start importing Assets/_Scripts/ScoreController.cs using Guid(df1427d2f6c69d5cf8d32483eb8f3989) Importer(815301076,1909f56bfc062723c751e8b465ee728b) [PhysX] Initialized MultithreadedTaskDispatcher with 8 workers.
 -> (artifact id: '00000000000000000000000000000000') in 0.000431 seconds
Import Error Code:(4)
Message: Build asset version error: assets/_scripts/scorecontroller.cs in SourceAssetDB has modification time of '2025-08-02T10:05:06Z' while content on disk has modification time of '2025-08-03T15:11:43Z'
  ERROR: Build asset version error: assets/_scripts/scorecontroller.cs in SourceAssetDB has modification time of '2025-08-02T10:05:06Z' while content on disk has modification time of '2025-08-03T15:11:43Z'
Number of updated asset objects reloaded before import = 0
Number of asset objects unloaded after import = 0
========================================================================
Received Import Request.
  Time since last request: 0.015469 seconds.
  path: Assets/_Scripts/ScoreController.cs
  artifactKey: Guid(df1427d2f6c69d5cf8d32483eb8f3989) Importer(815301076,1909f56bfc062723c751e8b465ee728b)
Start importing Assets/_Scripts/ScoreController.cs using Guid(df1427d2f6c69d5cf8d32483eb8f3989) Importer(815301076,1909f56bfc062723c751e8b465ee728b) [PhysX] Initialized MultithreadedTaskDispatcher with 8 workers.
 -> (artifact id: '00000000000000000000000000000000') in 0.000493 seconds
Import Error Code:(4)
Message: Build asset version error: assets/_scripts/scorecontroller.cs in SourceAssetDB has modification time of '2025-08-02T10:05:06Z' while content on disk has modification time of '2025-08-03T15:11:43Z'
  ERROR: Build asset version error: assets/_scripts/scorecontroller.cs in SourceAssetDB has modification time of '2025-08-02T10:05:06Z' while content on disk has modification time of '2025-08-03T15:11:43Z'
Number of updated asset objects reloaded before import = 0
Number of asset objects unloaded after import = 0
========================================================================
Received Import Request.
  Time since last request: 0.015988 seconds.
  path: Assets/_Scripts/ScoreController.cs
  artifactKey: Guid(df1427d2f6c69d5cf8d32483eb8f3989) Importer(815301076,1909f56bfc062723c751e8b465ee728b)
Start importing Assets/_Scripts/ScoreController.cs using Guid(df1427d2f6c69d5cf8d32483eb8f3989) Importer(815301076,1909f56bfc062723c751e8b465ee728b) [PhysX] Initialized MultithreadedTaskDispatcher with 8 workers.
 -> (artifact id: '00000000000000000000000000000000') in 0.000411 seconds
Import Error Code:(4)
Message: Build asset version error: assets/_scripts/scorecontroller.cs in SourceAssetDB has modification time of '2025-08-02T10:05:06Z' while content on disk has modification time of '2025-08-03T15:11:43Z'
  ERROR: Build asset version error: assets/_scripts/scorecontroller.cs in SourceAssetDB has modification time of '2025-08-02T10:05:06Z' while content on disk has modification time of '2025-08-03T15:11:43Z'
Number of updated asset objects reloaded before import = 0
Number of asset objects unloaded after import = 0
========================================================================
Received Import Request.
  Time since last request: 0.015457 seconds.
  path: Assets/_Scripts/ScoreController.cs
  artifactKey: Guid(df1427d2f6c69d5cf8d32483eb8f3989) Importer(815301076,1909f56bfc062723c751e8b465ee728b)
Start importing Assets/_Scripts/ScoreController.cs using Guid(df1427d2f6c69d5cf8d32483eb8f3989) Importer(815301076,1909f56bfc062723c751e8b465ee728b) [PhysX] Initialized MultithreadedTaskDispatcher with 8 workers.
 -> (artifact id: '00000000000000000000000000000000') in 0.000503 seconds
Import Error Code:(4)
Message: Build asset version error: assets/_scripts/scorecontroller.cs in SourceAssetDB has modification time of '2025-08-02T10:05:06Z' while content on disk has modification time of '2025-08-03T15:11:43Z'
  ERROR: Build asset version error: assets/_scripts/scorecontroller.cs in SourceAssetDB has modification time of '2025-08-02T10:05:06Z' while content on disk has modification time of '2025-08-03T15:11:43Z'
Number of updated asset objects reloaded before import = 0
Number of asset objects unloaded after import = 0
========================================================================
Received Import Request.
  Time since last request: 0.015588 seconds.
  path: Assets/_Scripts/ScoreController.cs
  artifactKey: Guid(df1427d2f6c69d5cf8d32483eb8f3989) Importer(815301076,1909f56bfc062723c751e8b465ee728b)
Start importing Assets/_Scripts/ScoreController.cs using Guid(df1427d2f6c69d5cf8d32483eb8f3989) Importer(815301076,1909f56bfc062723c751e8b465ee728b) [PhysX] Initialized MultithreadedTaskDispatcher with 8 workers.
 -> (artifact id: '00000000000000000000000000000000') in 0.000555 seconds
Import Error Code:(4)
Message: Build asset version error: assets/_scripts/scorecontroller.cs in SourceAssetDB has modification time of '2025-08-02T10:05:06Z' while content on disk has modification time of '2025-08-03T15:11:43Z'
  ERROR: Build asset version error: assets/_scripts/scorecontroller.cs in SourceAssetDB has modification time of '2025-08-02T10:05:06Z' while content on disk has modification time of '2025-08-03T15:11:43Z'
Number of updated asset objects reloaded before import = 0
Number of asset objects unloaded after import = 0
========================================================================
Received Import Request.
  Time since last request: 0.015812 seconds.
  path: Assets/_Scripts/ScoreController.cs
  artifactKey: Guid(df1427d2f6c69d5cf8d32483eb8f3989) Importer(815301076,1909f56bfc062723c751e8b465ee728b)
Start importing Assets/_Scripts/ScoreController.cs using Guid(df1427d2f6c69d5cf8d32483eb8f3989) Importer(815301076,1909f56bfc062723c751e8b465ee728b) [PhysX] Initialized MultithreadedTaskDispatcher with 8 workers.
 -> (artifact id: '00000000000000000000000000000000') in 0.000480 seconds
Import Error Code:(4)
Message: Build asset version error: assets/_scripts/scorecontroller.cs in SourceAssetDB has modification time of '2025-08-02T10:05:06Z' while content on disk has modification time of '2025-08-03T15:11:43Z'
  ERROR: Build asset version error: assets/_scripts/scorecontroller.cs in SourceAssetDB has modification time of '2025-08-02T10:05:06Z' while content on disk has modification time of '2025-08-03T15:11:43Z'
Number of updated asset objects reloaded before import = 0
Number of asset objects unloaded after import = 0
========================================================================
Received Import Request.
  Time since last request: 0.015256 seconds.
  path: Assets/_Scripts/ScoreController.cs
  artifactKey: Guid(df1427d2f6c69d5cf8d32483eb8f3989) Importer(815301076,1909f56bfc062723c751e8b465ee728b)
Start importing Assets/_Scripts/ScoreController.cs using Guid(df1427d2f6c69d5cf8d32483eb8f3989) Importer(815301076,1909f56bfc062723c751e8b465ee728b) [PhysX] Initialized MultithreadedTaskDispatcher with 8 workers.
 -> (artifact id: '00000000000000000000000000000000') in 0.000598 seconds
Import Error Code:(4)
Message: Build asset version error: assets/_scripts/scorecontroller.cs in SourceAssetDB has modification time of '2025-08-02T10:05:06Z' while content on disk has modification time of '2025-08-03T15:11:43Z'
  ERROR: Build asset version error: assets/_scripts/scorecontroller.cs in SourceAssetDB has modification time of '2025-08-02T10:05:06Z' while content on disk has modification time of '2025-08-03T15:11:43Z'
Number of updated asset objects reloaded before import = 0
Number of asset objects unloaded after import = 0
========================================================================
Received Import Request.
  Time since last request: 0.016251 seconds.
  path: Assets/_Scripts/ScoreController.cs
  artifactKey: Guid(df1427d2f6c69d5cf8d32483eb8f3989) Importer(815301076,1909f56bfc062723c751e8b465ee728b)
Start importing Assets/_Scripts/ScoreController.cs using Guid(df1427d2f6c69d5cf8d32483eb8f3989) Importer(815301076,1909f56bfc062723c751e8b465ee728b) [PhysX] Initialized MultithreadedTaskDispatcher with 8 workers.
 -> (artifact id: '00000000000000000000000000000000') in 0.000470 seconds
Import Error Code:(4)
Message: Build asset version error: assets/_scripts/scorecontroller.cs in SourceAssetDB has modification time of '2025-08-02T10:05:06Z' while content on disk has modification time of '2025-08-03T15:11:43Z'
  ERROR: Build asset version error: assets/_scripts/scorecontroller.cs in SourceAssetDB has modification time of '2025-08-02T10:05:06Z' while content on disk has modification time of '2025-08-03T15:11:43Z'
Number of updated asset objects reloaded before import = 0
Number of asset objects unloaded after import = 0
========================================================================
Received Import Request.
  Time since last request: 0.016382 seconds.
  path: Assets/_Scripts/ScoreController.cs
  artifactKey: Guid(df1427d2f6c69d5cf8d32483eb8f3989) Importer(815301076,1909f56bfc062723c751e8b465ee728b)
Start importing Assets/_Scripts/ScoreController.cs using Guid(df1427d2f6c69d5cf8d32483eb8f3989) Importer(815301076,1909f56bfc062723c751e8b465ee728b) [PhysX] Initialized MultithreadedTaskDispatcher with 8 workers.
 -> (artifact id: '00000000000000000000000000000000') in 0.000474 seconds
Import Error Code:(4)
Message: Build asset version error: assets/_scripts/scorecontroller.cs in SourceAssetDB has modification time of '2025-08-02T10:05:06Z' while content on disk has modification time of '2025-08-03T15:11:43Z'
  ERROR: Build asset version error: assets/_scripts/scorecontroller.cs in SourceAssetDB has modification time of '2025-08-02T10:05:06Z' while content on disk has modification time of '2025-08-03T15:11:43Z'
Number of updated asset objects reloaded before import = 0
Number of asset objects unloaded after import = 0
========================================================================
Received Import Request.
  Time since last request: 0.015359 seconds.
  path: Assets/_Scripts/ScoreController.cs
  artifactKey: Guid(df1427d2f6c69d5cf8d32483eb8f3989) Importer(815301076,1909f56bfc062723c751e8b465ee728b)
Start importing Assets/_Scripts/ScoreController.cs using Guid(df1427d2f6c69d5cf8d32483eb8f3989) Importer(815301076,1909f56bfc062723c751e8b465ee728b) [PhysX] Initialized MultithreadedTaskDispatcher with 8 workers.
 -> (artifact id: '00000000000000000000000000000000') in 0.000411 seconds
Import Error Code:(4)
Message: Build asset version error: assets/_scripts/scorecontroller.cs in SourceAssetDB has modification time of '2025-08-02T10:05:06Z' while content on disk has modification time of '2025-08-03T15:11:43Z'
  ERROR: Build asset version error: assets/_scripts/scorecontroller.cs in SourceAssetDB has modification time of '2025-08-02T10:05:06Z' while content on disk has modification time of '2025-08-03T15:11:43Z'
Number of updated asset objects reloaded before import = 0
Number of asset objects unloaded after import = 0
========================================================================
Received Import Request.
  Time since last request: 0.015277 seconds.
  path: Assets/_Scripts/ScoreController.cs
  artifactKey: Guid(df1427d2f6c69d5cf8d32483eb8f3989) Importer(815301076,1909f56bfc062723c751e8b465ee728b)
Start importing Assets/_Scripts/ScoreController.cs using Guid(df1427d2f6c69d5cf8d32483eb8f3989) Importer(815301076,1909f56bfc062723c751e8b465ee728b) [PhysX] Initialized MultithreadedTaskDispatcher with 8 workers.
 -> (artifact id: '00000000000000000000000000000000') in 0.000443 seconds
Import Error Code:(4)
Message: Build asset version error: assets/_scripts/scorecontroller.cs in SourceAssetDB has modification time of '2025-08-02T10:05:06Z' while content on disk has modification time of '2025-08-03T15:11:43Z'
  ERROR: Build asset version error: assets/_scripts/scorecontroller.cs in SourceAssetDB has modification time of '2025-08-02T10:05:06Z' while content on disk has modification time of '2025-08-03T15:11:43Z'
Number of updated asset objects reloaded before import = 0
Number of asset objects unloaded after import = 0
========================================================================
Received Import Request.
  Time since last request: 0.015829 seconds.
  path: Assets/_Scripts/ScoreController.cs
  artifactKey: Guid(df1427d2f6c69d5cf8d32483eb8f3989) Importer(815301076,1909f56bfc062723c751e8b465ee728b)
Start importing Assets/_Scripts/ScoreController.cs using Guid(df1427d2f6c69d5cf8d32483eb8f3989) Importer(815301076,1909f56bfc062723c751e8b465ee728b) [PhysX] Initialized MultithreadedTaskDispatcher with 8 workers.
 -> (artifact id: '00000000000000000000000000000000') in 0.000459 seconds
Import Error Code:(4)
Message: Build asset version error: assets/_scripts/scorecontroller.cs in SourceAssetDB has modification time of '2025-08-02T10:05:06Z' while content on disk has modification time of '2025-08-03T15:11:43Z'
  ERROR: Build asset version error: assets/_scripts/scorecontroller.cs in SourceAssetDB has modification time of '2025-08-02T10:05:06Z' while content on disk has modification time of '2025-08-03T15:11:43Z'
Number of updated asset objects reloaded before import = 0
Number of asset objects unloaded after import = 0
========================================================================
Received Import Request.
  Time since last request: 0.015528 seconds.
  path: Assets/_Scripts/ScoreController.cs
  artifactKey: Guid(df1427d2f6c69d5cf8d32483eb8f3989) Importer(815301076,1909f56bfc062723c751e8b465ee728b)
Start importing Assets/_Scripts/ScoreController.cs using Guid(df1427d2f6c69d5cf8d32483eb8f3989) Importer(815301076,1909f56bfc062723c751e8b465ee728b) [PhysX] Initialized MultithreadedTaskDispatcher with 8 workers.
 -> (artifact id: '00000000000000000000000000000000') in 0.000511 seconds
Import Error Code:(4)
Message: Build asset version error: assets/_scripts/scorecontroller.cs in SourceAssetDB has modification time of '2025-08-02T10:05:06Z' while content on disk has modification time of '2025-08-03T15:11:43Z'
  ERROR: Build asset version error: assets/_scripts/scorecontroller.cs in SourceAssetDB has modification time of '2025-08-02T10:05:06Z' while content on disk has modification time of '2025-08-03T15:11:43Z'
Number of updated asset objects reloaded before import = 0
Number of asset objects unloaded after import = 0
========================================================================
Received Import Request.
  Time since last request: 0.015784 seconds.
  path: Assets/_Scripts/ScoreController.cs
  artifactKey: Guid(df1427d2f6c69d5cf8d32483eb8f3989) Importer(815301076,1909f56bfc062723c751e8b465ee728b)
Start importing Assets/_Scripts/ScoreController.cs using Guid(df1427d2f6c69d5cf8d32483eb8f3989) Importer(815301076,1909f56bfc062723c751e8b465ee728b) [PhysX] Initialized MultithreadedTaskDispatcher with 8 workers.
 -> (artifact id: '00000000000000000000000000000000') in 0.000478 seconds
Import Error Code:(4)
Message: Build asset version error: assets/_scripts/scorecontroller.cs in SourceAssetDB has modification time of '2025-08-02T10:05:06Z' while content on disk has modification time of '2025-08-03T15:11:43Z'
  ERROR: Build asset version error: assets/_scripts/scorecontroller.cs in SourceAssetDB has modification time of '2025-08-02T10:05:06Z' while content on disk has modification time of '2025-08-03T15:11:43Z'
Number of updated asset objects reloaded before import = 0
Number of asset objects unloaded after import = 0
========================================================================
Received Import Request.
  Time since last request: 0.015304 seconds.
  path: Assets/_Scripts/ScoreController.cs
  artifactKey: Guid(df1427d2f6c69d5cf8d32483eb8f3989) Importer(815301076,1909f56bfc062723c751e8b465ee728b)
Start importing Assets/_Scripts/ScoreController.cs using Guid(df1427d2f6c69d5cf8d32483eb8f3989) Importer(815301076,1909f56bfc062723c751e8b465ee728b) [PhysX] Initialized MultithreadedTaskDispatcher with 8 workers.
 -> (artifact id: '00000000000000000000000000000000') in 0.000534 seconds
Import Error Code:(4)
Message: Build asset version error: assets/_scripts/scorecontroller.cs in SourceAssetDB has modification time of '2025-08-02T10:05:06Z' while content on disk has modification time of '2025-08-03T15:11:43Z'
  ERROR: Build asset version error: assets/_scripts/scorecontroller.cs in SourceAssetDB has modification time of '2025-08-02T10:05:06Z' while content on disk has modification time of '2025-08-03T15:11:43Z'
Number of updated asset objects reloaded before import = 0
Number of asset objects unloaded after import = 0
========================================================================
Received Import Request.
  Time since last request: 0.513472 seconds.
  path: Assets/_Scripts/ScoreManager.cs
  artifactKey: Guid(df1427d2f6c69d5cf8d32483eb8f3989) Importer(815301076,1909f56bfc062723c751e8b465ee728b)
Start importing Assets/_Scripts/ScoreManager.cs using Guid(df1427d2f6c69d5cf8d32483eb8f3989) Importer(815301076,1909f56bfc062723c751e8b465ee728b) [PhysX] Initialized MultithreadedTaskDispatcher with 8 workers.
 -> (artifact id: 'ab039aa9c356c2dc0bf4f60cf5bcd701') in 0.000551 seconds
Number of updated asset objects reloaded before import = 0
Number of asset objects unloaded after import = 0
========================================================================
Received Prepare
Caller must complete domain reload
Begin MonoManager ReloadAssembly
- Loaded All Assemblies, in  0.506 seconds
Native extension for LinuxStandalone target not found
Native extension for Android target not found
Native extension for WebGL target not found
Mono: successfully reloaded assembly
[Package Manager] Server::EnsureServerProcessIsRunning -- launch failed, reason: Unity was launched with the -noUpm command-line argument
[Package Manager] UpmClient::Send -- Unable to send message (not connected to UPM process).
[Package Manager] Cannot connect to Unity Package Manager local server
- Finished resetting the current domain, in  1.283 seconds
Domain Reload Profiling: 1778ms
	BeginReloadAssembly (125ms)
		ExecutionOrderSort (0ms)
		DisableScriptedObjects (5ms)
		BackupInstance (0ms)
		ReleaseScriptingObjects (0ms)
		CreateAndSetChildDomain (36ms)
	RebuildCommonClasses (33ms)
	RebuildNativeTypeToScriptingClass (7ms)
	initialDomainReloadingComplete (32ms)
	LoadAllAssembliesAndSetupDomain (297ms)
		LoadAssemblies (322ms)
		RebuildTransferFunctionScriptingTraits (0ms)
		AnalyzeDomain (20ms)
			TypeCache.Refresh (8ms)
				TypeCache.ScanAssembly (0ms)
			ScanForSourceGeneratedMonoScriptInfo (7ms)
			ResolveRequiredComponents (5ms)
	FinalizeReload (1284ms)
		ReleaseScriptCaches (0ms)
		RebuildScriptCaches (0ms)
		SetupLoadedEditorAssemblies (323ms)
			LogAssemblyErrors (0ms)
			InitializePlatformSupportModulesInManaged (15ms)
			SetLoadedEditorAssemblies (4ms)
			RefreshPlugins (0ms)
			BeforeProcessingInitializeOnLoad (74ms)
			ProcessInitializeOnLoadAttributes (209ms)
			ProcessInitializeOnLoadMethodAttributes (19ms)
			AfterProcessingInitializeOnLoad (3ms)
			EditorAssembliesLoaded (0ms)
		ExecutionOrderSort2 (0ms)
		AwakeInstancesAfterBackupRestoration (3ms)
Refreshing native plugins compatible for Editor in 14.72 ms, found 0 plugins.
Preloading 0 native plugins for Editor in 0.00 ms.
Unloading 3247 Unused Serialized files (Serialized files now loaded: 0)
Unloading 13 unused Assets / (27.9 KB). Loaded Objects now: 3734.
Memory consumption went from 116.2 MB to 116.1 MB.
Total: 3.665388 ms (FindLiveObjects: 0.303499 ms CreateObjectMapping: 0.227805 ms MarkObjects: 3.094015 ms  DeleteObjects: 0.038300 ms)

Prepare: number of updated asset objects reloaded= 0
AssetImportParameters requested are different than current active one (requested -> active):
  custom:container-demuxer-ogg: 62fdf1f143b41e24485cea50d1cbac27 -> 
  custom:video-decoder-ogg-theora: a1e56fd34408186e4bbccfd4996cb3dc -> 
  custom:CustomObjectIndexerAttribute: 232f87dd983dbecb2a4e21e08eb2cef8 -> 
  custom:container-demuxer-webm: 4f35f7cbe854078d1ac9338744f61a02 -> 
  custom:container-muxer-webm: aa71ff27fc2769a1b78a27578f13a17b -> 
  custom:video-decoder-webm-vp8: 9c59270c3fd7afecdb556c50c9e8de78 -> 
  custom:SearchIndexIgnoredProperties: e643bd26f0fe6173181afceb89e7c659 -> 
  custom:AudioImporter_EditorPlatform: 2f0ff77a95e0ac474e3e8eeba4e2f7cb -> 
  custom:video-encoder-webm-vp8: eb34c28f22e8b96e1ab97ce403110664 -> 
  custom:audio-decoder-ogg-vorbis: bf7c407c2cedff20999df2af8eb42d56 -> 
  custom:audio-encoder-webm-vorbis: bf7c407c2cedff20999df2af8eb42d56 -> 
  custom:scripting/monoscript/fileName/ScoreManager.cs: 53ff75e36acd62bfd2d1c2cf28405e53 -> 
  custom:scripting/precompiled-assembly-types:Assembly-CSharp: ba200d94966f1c2f0b104b9bb6080bf9 -> c395747882a88f8d4b13231df41cafc8
========================================================================
Received Import Request.
  Time since last request: 176.536966 seconds.
  path: Assets/_Scripts/NewBehaviourScript.cs
  artifactKey: Guid(f117cc142855d3b559340f50e79f258a) Importer(815301076,1909f56bfc062723c751e8b465ee728b)
Start importing Assets/_Scripts/NewBehaviourScript.cs using Guid(f117cc142855d3b559340f50e79f258a) Importer(815301076,1909f56bfc062723c751e8b465ee728b) [PhysX] Initialized MultithreadedTaskDispatcher with 8 workers.
 -> (artifact id: 'a59b70d121a164e48d360d1a8ee4d2e0') in 0.004754 seconds
Number of updated asset objects reloaded before import = 0
Number of asset objects unloaded after import = 0
========================================================================
Received Import Request.
  Time since last request: 10.150399 seconds.
  path: Assets/_Scripts/HoopTrigger.cs
  artifactKey: Guid(f117cc142855d3b559340f50e79f258a) Importer(815301076,1909f56bfc062723c751e8b465ee728b)
Start importing Assets/_Scripts/HoopTrigger.cs using Guid(f117cc142855d3b559340f50e79f258a) Importer(815301076,1909f56bfc062723c751e8b465ee728b) [PhysX] Initialized MultithreadedTaskDispatcher with 8 workers.
 -> (artifact id: '931926310dc0543208d52c67f254acdd') in 0.000610 seconds
Number of updated asset objects reloaded before import = 0
Number of asset objects unloaded after import = 0
========================================================================
Received Prepare
Caller must complete domain reload
Begin MonoManager ReloadAssembly
- Loaded All Assemblies, in  0.489 seconds
Native extension for LinuxStandalone target not found
Native extension for Android target not found
Native extension for WebGL target not found
Mono: successfully reloaded assembly
[Package Manager] Server::EnsureServerProcessIsRunning -- launch failed, reason: Unity was launched with the -noUpm command-line argument
[Package Manager] UpmClient::Send -- Unable to send message (not connected to UPM process).
[Package Manager] Cannot connect to Unity Package Manager local server
- Finished resetting the current domain, in  1.121 seconds
Domain Reload Profiling: 1600ms
	BeginReloadAssembly (127ms)
		ExecutionOrderSort (0ms)
		DisableScriptedObjects (7ms)
		BackupInstance (0ms)
		ReleaseScriptingObjects (0ms)
		CreateAndSetChildDomain (29ms)
	RebuildCommonClasses (35ms)
	RebuildNativeTypeToScriptingClass (10ms)
	initialDomainReloadingComplete (28ms)
	LoadAllAssembliesAndSetupDomain (279ms)
		LoadAssemblies (309ms)
		RebuildTransferFunctionScriptingTraits (0ms)
		AnalyzeDomain (19ms)
			TypeCache.Refresh (8ms)
				TypeCache.ScanAssembly (0ms)
			ScanForSourceGeneratedMonoScriptInfo (7ms)
			ResolveRequiredComponents (4ms)
	FinalizeReload (1122ms)
		ReleaseScriptCaches (0ms)
		RebuildScriptCaches (0ms)
		SetupLoadedEditorAssemblies (311ms)
			LogAssemblyErrors (0ms)
			InitializePlatformSupportModulesInManaged (14ms)
			SetLoadedEditorAssemblies (4ms)
			RefreshPlugins (0ms)
			BeforeProcessingInitializeOnLoad (74ms)
			ProcessInitializeOnLoadAttributes (200ms)
			ProcessInitializeOnLoadMethodAttributes (16ms)
			AfterProcessingInitializeOnLoad (3ms)
			EditorAssembliesLoaded (0ms)
		ExecutionOrderSort2 (0ms)
		AwakeInstancesAfterBackupRestoration (3ms)
Refreshing native plugins compatible for Editor in 16.22 ms, found 0 plugins.
Preloading 0 native plugins for Editor in 0.00 ms.
Unloading 3248 Unused Serialized files (Serialized files now loaded: 0)
Unloading 13 unused Assets / (27.9 KB). Loaded Objects now: 3738.
Memory consumption went from 116.2 MB to 116.2 MB.
Total: 4.032858 ms (FindLiveObjects: 0.251676 ms CreateObjectMapping: 0.144123 ms MarkObjects: 3.584401 ms  DeleteObjects: 0.051173 ms)

Prepare: number of updated asset objects reloaded= 0
AssetImportParameters requested are different than current active one (requested -> active):
  custom:container-demuxer-ogg: 62fdf1f143b41e24485cea50d1cbac27 -> 
  custom:video-decoder-ogg-theora: a1e56fd34408186e4bbccfd4996cb3dc -> 
  custom:CustomObjectIndexerAttribute: 232f87dd983dbecb2a4e21e08eb2cef8 -> 
  custom:container-demuxer-webm: 4f35f7cbe854078d1ac9338744f61a02 -> 
  custom:container-muxer-webm: aa71ff27fc2769a1b78a27578f13a17b -> 
  custom:video-decoder-webm-vp8: 9c59270c3fd7afecdb556c50c9e8de78 -> 
  custom:scripting/monoscript/fileName/HoopTrigger.cs: b21687ddb03d73bd9f0c1daecb9714de -> 
  custom:SearchIndexIgnoredProperties: e643bd26f0fe6173181afceb89e7c659 -> 
  custom:AudioImporter_EditorPlatform: 2f0ff77a95e0ac474e3e8eeba4e2f7cb -> 
  custom:scripting/monoscript/fileName/LaunchController.cs: b2036dc9d545e44cab2be38663634ccc -> 2a30c0bc69bf302b76c2f86809109230
  custom:video-encoder-webm-vp8: eb34c28f22e8b96e1ab97ce403110664 -> 
  custom:audio-decoder-ogg-vorbis: bf7c407c2cedff20999df2af8eb42d56 -> 
  custom:audio-encoder-webm-vorbis: bf7c407c2cedff20999df2af8eb42d56 -> 
  custom:scripting/monoscript/fileName/ScoreManager.cs: 2117df56b7ba23abd331d761e713022a -> 
  custom:scripting/precompiled-assembly-types:Assembly-CSharp: 1e513a332e4872ebb13ec466735f3c79 -> c395747882a88f8d4b13231df41cafc8
========================================================================
Received Import Request.
  Time since last request: 1101.020322 seconds.
  path: Assets/_Scripts/RimCollider.cs
  artifactKey: Guid(3bcf553291c3faeebb384335a324b289) Importer(815301076,1909f56bfc062723c751e8b465ee728b)
Start importing Assets/_Scripts/RimCollider.cs using Guid(3bcf553291c3faeebb384335a324b289) Importer(815301076,1909f56bfc062723c751e8b465ee728b) [PhysX] Initialized MultithreadedTaskDispatcher with 8 workers.
 -> (artifact id: '3ef64e02db113da54d3c4bb608883cfc') in 0.006177 seconds
Number of updated asset objects reloaded before import = 0
Number of asset objects unloaded after import = 0
========================================================================
Received Prepare
Caller must complete domain reload
Begin MonoManager ReloadAssembly
- Loaded All Assemblies, in  0.474 seconds
Native extension for LinuxStandalone target not found
Native extension for Android target not found
Native extension for WebGL target not found
Mono: successfully reloaded assembly
[Package Manager] Server::EnsureServerProcessIsRunning -- launch failed, reason: Unity was launched with the -noUpm command-line argument
[Package Manager] UpmClient::Send -- Unable to send message (not connected to UPM process).
[Package Manager] Cannot connect to Unity Package Manager local server
- Finished resetting the current domain, in  1.237 seconds
Domain Reload Profiling: 1703ms
	BeginReloadAssembly (119ms)
		ExecutionOrderSort (0ms)
		DisableScriptedObjects (4ms)
		BackupInstance (0ms)
		ReleaseScriptingObjects (0ms)
		CreateAndSetChildDomain (25ms)
	RebuildCommonClasses (35ms)
	RebuildNativeTypeToScriptingClass (6ms)
	initialDomainReloadingComplete (31ms)
	LoadAllAssembliesAndSetupDomain (275ms)
		LoadAssemblies (309ms)
		RebuildTransferFunctionScriptingTraits (0ms)
		AnalyzeDomain (21ms)
			TypeCache.Refresh (7ms)
				TypeCache.ScanAssembly (0ms)
			ScanForSourceGeneratedMonoScriptInfo (7ms)
			ResolveRequiredComponents (6ms)
	FinalizeReload (1237ms)
		ReleaseScriptCaches (0ms)
		RebuildScriptCaches (0ms)
		SetupLoadedEditorAssemblies (349ms)
			LogAssemblyErrors (0ms)
			InitializePlatformSupportModulesInManaged (15ms)
			SetLoadedEditorAssemblies (6ms)
			RefreshPlugins (0ms)
			BeforeProcessingInitializeOnLoad (81ms)
			ProcessInitializeOnLoadAttributes (225ms)
			ProcessInitializeOnLoadMethodAttributes (19ms)
			AfterProcessingInitializeOnLoad (3ms)
			EditorAssembliesLoaded (0ms)
		ExecutionOrderSort2 (0ms)
		AwakeInstancesAfterBackupRestoration (4ms)
Refreshing native plugins compatible for Editor in 18.20 ms, found 0 plugins.
Preloading 0 native plugins for Editor in 0.00 ms.
Unloading 3249 Unused Serialized files (Serialized files now loaded: 0)
Unloading 13 unused Assets / (28.0 KB). Loaded Objects now: 3742.
Memory consumption went from 116.2 MB to 116.2 MB.
Total: 2.885242 ms (FindLiveObjects: 0.226116 ms CreateObjectMapping: 0.080544 ms MarkObjects: 2.541122 ms  DeleteObjects: 0.035758 ms)

Prepare: number of updated asset objects reloaded= 0
AssetImportParameters requested are different than current active one (requested -> active):
  custom:container-demuxer-ogg: 62fdf1f143b41e24485cea50d1cbac27 -> 
  custom:video-decoder-ogg-theora: a1e56fd34408186e4bbccfd4996cb3dc -> 
  custom:CustomObjectIndexerAttribute: 232f87dd983dbecb2a4e21e08eb2cef8 -> 
  custom:scripting/monoscript/fileName/RimCollider.cs: 671bdd8c46fcd37f14b42f764a79255d -> 
  custom:container-demuxer-webm: 4f35f7cbe854078d1ac9338744f61a02 -> 
  custom:container-muxer-webm: aa71ff27fc2769a1b78a27578f13a17b -> 
  custom:video-decoder-webm-vp8: 9c59270c3fd7afecdb556c50c9e8de78 -> 
  custom:scripting/monoscript/fileName/HoopTrigger.cs: 248a7314ff2318a010f7ac6453ea3f73 -> 
  custom:SearchIndexIgnoredProperties: e643bd26f0fe6173181afceb89e7c659 -> 
  custom:AudioImporter_EditorPlatform: 2f0ff77a95e0ac474e3e8eeba4e2f7cb -> 
  custom:scripting/monoscript/fileName/LaunchController.cs: b2036dc9d545e44cab2be38663634ccc -> 2a30c0bc69bf302b76c2f86809109230
  custom:video-encoder-webm-vp8: eb34c28f22e8b96e1ab97ce403110664 -> 
  custom:audio-decoder-ogg-vorbis: bf7c407c2cedff20999df2af8eb42d56 -> 
  custom:audio-encoder-webm-vorbis: bf7c407c2cedff20999df2af8eb42d56 -> 
  custom:scripting/monoscript/fileName/ScoreManager.cs: 2117df56b7ba23abd331d761e713022a -> 
  custom:scripting/precompiled-assembly-types:Assembly-CSharp: 30ece18c8d2c6df7be8f34637e866ec4 -> c395747882a88f8d4b13231df41cafc8
========================================================================
Received Import Request.
  Time since last request: 7.347796 seconds.
  path: Assets/_Scripts/RimCollider.cs
  artifactKey: Guid(3bcf553291c3faeebb384335a324b289) Importer(815301076,1909f56bfc062723c751e8b465ee728b)
Start importing Assets/_Scripts/RimCollider.cs using Guid(3bcf553291c3faeebb384335a324b289) Importer(815301076,1909f56bfc062723c751e8b465ee728b) [PhysX] Initialized MultithreadedTaskDispatcher with 8 workers.
 -> (artifact id: '83a43cae7eaa7356e4492d1c72beb8aa') in 0.001621 seconds
Number of updated asset objects reloaded before import = 0
Number of asset objects unloaded after import = 0
========================================================================
Received Prepare
Caller must complete domain reload
Begin MonoManager ReloadAssembly
- Loaded All Assemblies, in  0.498 seconds
Native extension for LinuxStandalone target not found
Native extension for Android target not found
Native extension for WebGL target not found
Mono: successfully reloaded assembly
[Package Manager] Server::EnsureServerProcessIsRunning -- launch failed, reason: Unity was launched with the -noUpm command-line argument
[Package Manager] UpmClient::Send -- Unable to send message (not connected to UPM process).
[Package Manager] Cannot connect to Unity Package Manager local server
- Finished resetting the current domain, in  1.176 seconds
Domain Reload Profiling: 1664ms
	BeginReloadAssembly (117ms)
		ExecutionOrderSort (0ms)
		DisableScriptedObjects (4ms)
		BackupInstance (0ms)
		ReleaseScriptingObjects (0ms)
		CreateAndSetChildDomain (25ms)
	RebuildCommonClasses (29ms)
	RebuildNativeTypeToScriptingClass (6ms)
	initialDomainReloadingComplete (29ms)
	LoadAllAssembliesAndSetupDomain (306ms)
		LoadAssemblies (331ms)
		RebuildTransferFunctionScriptingTraits (0ms)
		AnalyzeDomain (29ms)
			TypeCache.Refresh (11ms)
				TypeCache.ScanAssembly (0ms)
			ScanForSourceGeneratedMonoScriptInfo (11ms)
			ResolveRequiredComponents (6ms)
	FinalizeReload (1177ms)
		ReleaseScriptCaches (0ms)
		RebuildScriptCaches (0ms)
		SetupLoadedEditorAssemblies (335ms)
			LogAssemblyErrors (0ms)
			InitializePlatformSupportModulesInManaged (16ms)
			SetLoadedEditorAssemblies (4ms)
			RefreshPlugins (0ms)
			BeforeProcessingInitializeOnLoad (76ms)
			ProcessInitializeOnLoadAttributes (218ms)
			ProcessInitializeOnLoadMethodAttributes (18ms)
			AfterProcessingInitializeOnLoad (3ms)
			EditorAssembliesLoaded (0ms)
		ExecutionOrderSort2 (0ms)
		AwakeInstancesAfterBackupRestoration (4ms)
Refreshing native plugins compatible for Editor in 17.16 ms, found 0 plugins.
Preloading 0 native plugins for Editor in 0.00 ms.
Unloading 3249 Unused Serialized files (Serialized files now loaded: 0)
Unloading 13 unused Assets / (27.9 KB). Loaded Objects now: 3745.
Memory consumption went from 116.2 MB to 116.2 MB.
Total: 2.661147 ms (FindLiveObjects: 0.182505 ms CreateObjectMapping: 0.082535 ms MarkObjects: 2.364101 ms  DeleteObjects: 0.030858 ms)

Prepare: number of updated asset objects reloaded= 0
AssetImportParameters requested are different than current active one (requested -> active):
  custom:container-demuxer-ogg: 62fdf1f143b41e24485cea50d1cbac27 -> 
  custom:video-decoder-ogg-theora: a1e56fd34408186e4bbccfd4996cb3dc -> 
  custom:CustomObjectIndexerAttribute: 232f87dd983dbecb2a4e21e08eb2cef8 -> 
  custom:scripting/monoscript/fileName/RimCollider.cs: 671bdd8c46fcd37f14b42f764a79255d -> 
  custom:container-demuxer-webm: 4f35f7cbe854078d1ac9338744f61a02 -> 
  custom:container-muxer-webm: aa71ff27fc2769a1b78a27578f13a17b -> 
  custom:video-decoder-webm-vp8: 9c59270c3fd7afecdb556c50c9e8de78 -> 
  custom:scripting/monoscript/fileName/HoopTrigger.cs: 248a7314ff2318a010f7ac6453ea3f73 -> 
  custom:SearchIndexIgnoredProperties: e643bd26f0fe6173181afceb89e7c659 -> 
  custom:AudioImporter_EditorPlatform: 2f0ff77a95e0ac474e3e8eeba4e2f7cb -> 
  custom:scripting/monoscript/fileName/LaunchController.cs: b2036dc9d545e44cab2be38663634ccc -> 2a30c0bc69bf302b76c2f86809109230
  custom:video-encoder-webm-vp8: eb34c28f22e8b96e1ab97ce403110664 -> 
  custom:audio-decoder-ogg-vorbis: bf7c407c2cedff20999df2af8eb42d56 -> 
  custom:audio-encoder-webm-vorbis: bf7c407c2cedff20999df2af8eb42d56 -> 
  custom:scripting/monoscript/fileName/ScoreManager.cs: 2117df56b7ba23abd331d761e713022a -> 
  custom:scripting/precompiled-assembly-types:Assembly-CSharp: 30ece18c8d2c6df7be8f34637e866ec4 -> c395747882a88f8d4b13231df41cafc8
========================================================================
Received Import Request.
  Time since last request: 2445.085840 seconds.
  path: Assets/_Scripts/ScoreUI.cs
  artifactKey: Guid(03e745ca6df39ee2cb1c514469bd80d5) Importer(815301076,1909f56bfc062723c751e8b465ee728b)
Start importing Assets/_Scripts/ScoreUI.cs using Guid(03e745ca6df39ee2cb1c514469bd80d5) Importer(815301076,1909f56bfc062723c751e8b465ee728b) [PhysX] Initialized MultithreadedTaskDispatcher with 8 workers.
 -> (artifact id: '1e620564ac383e283062d663a3821fef') in 0.005898 seconds
Number of updated asset objects reloaded before import = 0
Number of asset objects unloaded after import = 0
========================================================================
Received Prepare
Caller must complete domain reload
Begin MonoManager ReloadAssembly
- Loaded All Assemblies, in  0.686 seconds
Native extension for LinuxStandalone target not found
Native extension for Android target not found
Native extension for WebGL target not found
Mono: successfully reloaded assembly
[Package Manager] Server::EnsureServerProcessIsRunning -- launch failed, reason: Unity was launched with the -noUpm command-line argument
[Package Manager] UpmClient::Send -- Unable to send message (not connected to UPM process).
[Package Manager] Cannot connect to Unity Package Manager local server
- Finished resetting the current domain, in  1.414 seconds
Domain Reload Profiling: 2087ms
	BeginReloadAssembly (165ms)
		ExecutionOrderSort (0ms)
		DisableScriptedObjects (8ms)
		BackupInstance (0ms)
		ReleaseScriptingObjects (0ms)
		CreateAndSetChildDomain (56ms)
	RebuildCommonClasses (36ms)
	RebuildNativeTypeToScriptingClass (9ms)
	initialDomainReloadingComplete (41ms)
	LoadAllAssembliesAndSetupDomain (422ms)
		LoadAssemblies (439ms)
		RebuildTransferFunctionScriptingTraits (0ms)
		AnalyzeDomain (37ms)
			TypeCache.Refresh (15ms)
				TypeCache.ScanAssembly (0ms)
			ScanForSourceGeneratedMonoScriptInfo (13ms)
			ResolveRequiredComponents (8ms)
	FinalizeReload (1415ms)
		ReleaseScriptCaches (0ms)
		RebuildScriptCaches (0ms)
		SetupLoadedEditorAssemblies (396ms)
			LogAssemblyErrors (0ms)
			InitializePlatformSupportModulesInManaged (16ms)
			SetLoadedEditorAssemblies (6ms)
			RefreshPlugins (0ms)
			BeforeProcessingInitializeOnLoad (102ms)
			ProcessInitializeOnLoadAttributes (248ms)
			ProcessInitializeOnLoadMethodAttributes (21ms)
			AfterProcessingInitializeOnLoad (3ms)
			EditorAssembliesLoaded (0ms)
		ExecutionOrderSort2 (0ms)
		AwakeInstancesAfterBackupRestoration (3ms)
Refreshing native plugins compatible for Editor in 22.26 ms, found 0 plugins.
Preloading 0 native plugins for Editor in 0.00 ms.
Unloading 3263 Unused Serialized files (Serialized files now loaded: 0)
Unloading 26 unused Assets / (0.6 MB). Loaded Objects now: 3749.
Memory consumption went from 120.2 MB to 119.6 MB.
Total: 6.665441 ms (FindLiveObjects: 0.684426 ms CreateObjectMapping: 0.480768 ms MarkObjects: 5.058435 ms  DeleteObjects: 0.439075 ms)

Prepare: number of updated asset objects reloaded= 0
AssetImportParameters requested are different than current active one (requested -> active):
  custom:container-demuxer-ogg: 62fdf1f143b41e24485cea50d1cbac27 -> 
  custom:video-decoder-ogg-theora: a1e56fd34408186e4bbccfd4996cb3dc -> 
  custom:CustomObjectIndexerAttribute: 232f87dd983dbecb2a4e21e08eb2cef8 -> 
  custom:scripting/monoscript/fileName/RimCollider.cs: 671bdd8c46fcd37f14b42f764a79255d -> 
  custom:container-demuxer-webm: 4f35f7cbe854078d1ac9338744f61a02 -> 
  custom:container-muxer-webm: aa71ff27fc2769a1b78a27578f13a17b -> 
  custom:video-decoder-webm-vp8: 9c59270c3fd7afecdb556c50c9e8de78 -> 
  custom:scripting/monoscript/fileName/HoopTrigger.cs: 248a7314ff2318a010f7ac6453ea3f73 -> 
  custom:SearchIndexIgnoredProperties: e643bd26f0fe6173181afceb89e7c659 -> 
  custom:AudioImporter_EditorPlatform: 2f0ff77a95e0ac474e3e8eeba4e2f7cb -> 
  custom:scripting/monoscript/fileName/ScoreUI.cs: 35d3e23a2361e7355d660940fb1da1ff -> 
  custom:scripting/monoscript/fileName/LaunchController.cs: b2036dc9d545e44cab2be38663634ccc -> 2a30c0bc69bf302b76c2f86809109230
  custom:video-encoder-webm-vp8: eb34c28f22e8b96e1ab97ce403110664 -> 
  custom:audio-decoder-ogg-vorbis: bf7c407c2cedff20999df2af8eb42d56 -> 
  custom:audio-encoder-webm-vorbis: bf7c407c2cedff20999df2af8eb42d56 -> 
  custom:scripting/monoscript/fileName/ScoreManager.cs: 2117df56b7ba23abd331d761e713022a -> 
  custom:scripting/precompiled-assembly-types:Assembly-CSharp: 8734369c593a96b6aa43fe14814a3dd9 -> c395747882a88f8d4b13231df41cafc8
========================================================================
Received Prepare
Caller must complete domain reload
Begin MonoManager ReloadAssembly
- Loaded All Assemblies, in  0.493 seconds
Native extension for LinuxStandalone target not found
Native extension for Android target not found
Native extension for WebGL target not found
Mono: successfully reloaded assembly
[Package Manager] Server::EnsureServerProcessIsRunning -- launch failed, reason: Unity was launched with the -noUpm command-line argument
[Package Manager] UpmClient::Send -- Unable to send message (not connected to UPM process).
[Package Manager] Cannot connect to Unity Package Manager local server
- Finished resetting the current domain, in  1.165 seconds
Domain Reload Profiling: 1650ms
	BeginReloadAssembly (110ms)
		ExecutionOrderSort (0ms)
		DisableScriptedObjects (4ms)
		BackupInstance (0ms)
		ReleaseScriptingObjects (0ms)
		CreateAndSetChildDomain (28ms)
	RebuildCommonClasses (27ms)
	RebuildNativeTypeToScriptingClass (6ms)
	initialDomainReloadingComplete (29ms)
	LoadAllAssembliesAndSetupDomain (312ms)
		LoadAssemblies (333ms)
		RebuildTransferFunctionScriptingTraits (0ms)
		AnalyzeDomain (23ms)
			TypeCache.Refresh (11ms)
				TypeCache.ScanAssembly (0ms)
			ScanForSourceGeneratedMonoScriptInfo (6ms)
			ResolveRequiredComponents (5ms)
	FinalizeReload (1166ms)
		ReleaseScriptCaches (0ms)
		RebuildScriptCaches (0ms)
		SetupLoadedEditorAssemblies (337ms)
			LogAssemblyErrors (0ms)
			InitializePlatformSupportModulesInManaged (13ms)
			SetLoadedEditorAssemblies (4ms)
			RefreshPlugins (0ms)
			BeforeProcessingInitializeOnLoad (91ms)
			ProcessInitializeOnLoadAttributes (202ms)
			ProcessInitializeOnLoadMethodAttributes (22ms)
			AfterProcessingInitializeOnLoad (4ms)
			EditorAssembliesLoaded (0ms)
		ExecutionOrderSort2 (0ms)
		AwakeInstancesAfterBackupRestoration (3ms)
Refreshing native plugins compatible for Editor in 17.08 ms, found 0 plugins.
Preloading 0 native plugins for Editor in 0.00 ms.
Unloading 3264 Unused Serialized files (Serialized files now loaded: 0)
Unloading 26 unused Assets / (0.6 MB). Loaded Objects now: 3752.
Memory consumption went from 120.4 MB to 119.9 MB.
Total: 3.305917 ms (FindLiveObjects: 0.241620 ms CreateObjectMapping: 0.121215 ms MarkObjects: 2.643178 ms  DeleteObjects: 0.297990 ms)

Prepare: number of updated asset objects reloaded= 0
AssetImportParameters requested are different than current active one (requested -> active):
  custom:container-demuxer-ogg: 62fdf1f143b41e24485cea50d1cbac27 -> 
  custom:video-decoder-ogg-theora: a1e56fd34408186e4bbccfd4996cb3dc -> 
  custom:CustomObjectIndexerAttribute: 232f87dd983dbecb2a4e21e08eb2cef8 -> 
  custom:scripting/monoscript/fileName/RimCollider.cs: 671bdd8c46fcd37f14b42f764a79255d -> 
  custom:container-demuxer-webm: 4f35f7cbe854078d1ac9338744f61a02 -> 
  custom:container-muxer-webm: aa71ff27fc2769a1b78a27578f13a17b -> 
  custom:video-decoder-webm-vp8: 9c59270c3fd7afecdb556c50c9e8de78 -> 
  custom:scripting/monoscript/fileName/HoopTrigger.cs: 248a7314ff2318a010f7ac6453ea3f73 -> 
  custom:SearchIndexIgnoredProperties: e643bd26f0fe6173181afceb89e7c659 -> 
  custom:AudioImporter_EditorPlatform: 2f0ff77a95e0ac474e3e8eeba4e2f7cb -> 
  custom:scripting/monoscript/fileName/ScoreUI.cs: 35d3e23a2361e7355d660940fb1da1ff -> 
  custom:scripting/monoscript/fileName/LaunchController.cs: b2036dc9d545e44cab2be38663634ccc -> 2a30c0bc69bf302b76c2f86809109230
  custom:video-encoder-webm-vp8: eb34c28f22e8b96e1ab97ce403110664 -> 
  custom:audio-decoder-ogg-vorbis: bf7c407c2cedff20999df2af8eb42d56 -> 
  custom:audio-encoder-webm-vorbis: bf7c407c2cedff20999df2af8eb42d56 -> 
  custom:scripting/monoscript/fileName/ScoreManager.cs: 2117df56b7ba23abd331d761e713022a -> 
  custom:scripting/precompiled-assembly-types:Assembly-CSharp: 8734369c593a96b6aa43fe14814a3dd9 -> c395747882a88f8d4b13231df41cafc8
========================================================================
Received Prepare
Caller must complete domain reload
Begin MonoManager ReloadAssembly
- Loaded All Assemblies, in  0.517 seconds
Native extension for LinuxStandalone target not found
Native extension for Android target not found
Native extension for WebGL target not found
Mono: successfully reloaded assembly
[Package Manager] Server::EnsureServerProcessIsRunning -- launch failed, reason: Unity was launched with the -noUpm command-line argument
[Package Manager] UpmClient::Send -- Unable to send message (not connected to UPM process).
[Package Manager] Cannot connect to Unity Package Manager local server
- Finished resetting the current domain, in  1.231 seconds
Domain Reload Profiling: 1737ms
	BeginReloadAssembly (118ms)
		ExecutionOrderSort (0ms)
		DisableScriptedObjects (4ms)
		BackupInstance (0ms)
		ReleaseScriptingObjects (0ms)
		CreateAndSetChildDomain (33ms)
	RebuildCommonClasses (29ms)
	RebuildNativeTypeToScriptingClass (9ms)
	initialDomainReloadingComplete (32ms)
	LoadAllAssembliesAndSetupDomain (319ms)
		LoadAssemblies (339ms)
		RebuildTransferFunctionScriptingTraits (0ms)
		AnalyzeDomain (26ms)
			TypeCache.Refresh (11ms)
				TypeCache.ScanAssembly (0ms)
			ScanForSourceGeneratedMonoScriptInfo (10ms)
			ResolveRequiredComponents (5ms)
	FinalizeReload (1231ms)
		ReleaseScriptCaches (0ms)
		RebuildScriptCaches (0ms)
		SetupLoadedEditorAssemblies (347ms)
			LogAssemblyErrors (0ms)
			InitializePlatformSupportModulesInManaged (14ms)
			SetLoadedEditorAssemblies (4ms)
			RefreshPlugins (0ms)
			BeforeProcessingInitializeOnLoad (89ms)
			ProcessInitializeOnLoadAttributes (219ms)
			ProcessInitializeOnLoadMethodAttributes (17ms)
			AfterProcessingInitializeOnLoad (3ms)
			EditorAssembliesLoaded (0ms)
		ExecutionOrderSort2 (0ms)
		AwakeInstancesAfterBackupRestoration (4ms)
Refreshing native plugins compatible for Editor in 14.18 ms, found 0 plugins.
Preloading 0 native plugins for Editor in 0.00 ms.
Unloading 3264 Unused Serialized files (Serialized files now loaded: 0)
Unloading 26 unused Assets / (0.6 MB). Loaded Objects now: 3755.
Memory consumption went from 120.4 MB to 119.9 MB.
Total: 4.191455 ms (FindLiveObjects: 0.398606 ms CreateObjectMapping: 0.098466 ms MarkObjects: 3.376159 ms  DeleteObjects: 0.316637 ms)

Prepare: number of updated asset objects reloaded= 0
AssetImportParameters requested are different than current active one (requested -> active):
  custom:container-demuxer-ogg: 62fdf1f143b41e24485cea50d1cbac27 -> 
  custom:video-decoder-ogg-theora: a1e56fd34408186e4bbccfd4996cb3dc -> 
  custom:CustomObjectIndexerAttribute: 232f87dd983dbecb2a4e21e08eb2cef8 -> 
  custom:scripting/monoscript/fileName/RimCollider.cs: 671bdd8c46fcd37f14b42f764a79255d -> 
  custom:container-demuxer-webm: 4f35f7cbe854078d1ac9338744f61a02 -> 
  custom:container-muxer-webm: aa71ff27fc2769a1b78a27578f13a17b -> 
  custom:video-decoder-webm-vp8: 9c59270c3fd7afecdb556c50c9e8de78 -> 
  custom:scripting/monoscript/fileName/HoopTrigger.cs: 248a7314ff2318a010f7ac6453ea3f73 -> 
  custom:SearchIndexIgnoredProperties: e643bd26f0fe6173181afceb89e7c659 -> 
  custom:AudioImporter_EditorPlatform: 2f0ff77a95e0ac474e3e8eeba4e2f7cb -> 
  custom:scripting/monoscript/fileName/ScoreUI.cs: 35d3e23a2361e7355d660940fb1da1ff -> 
  custom:scripting/monoscript/fileName/LaunchController.cs: b2036dc9d545e44cab2be38663634ccc -> 2a30c0bc69bf302b76c2f86809109230
  custom:video-encoder-webm-vp8: eb34c28f22e8b96e1ab97ce403110664 -> 
  custom:audio-decoder-ogg-vorbis: bf7c407c2cedff20999df2af8eb42d56 -> 
  custom:audio-encoder-webm-vorbis: bf7c407c2cedff20999df2af8eb42d56 -> 
  custom:scripting/monoscript/fileName/ScoreManager.cs: 2117df56b7ba23abd331d761e713022a -> 
  custom:scripting/precompiled-assembly-types:Assembly-CSharp: 8734369c593a96b6aa43fe14814a3dd9 -> c395747882a88f8d4b13231df41cafc8
========================================================================
Received Prepare
Caller must complete domain reload
Begin MonoManager ReloadAssembly
- Loaded All Assemblies, in  0.505 seconds
Native extension for LinuxStandalone target not found
Native extension for Android target not found
Native extension for WebGL target not found
Mono: successfully reloaded assembly
[Package Manager] Server::EnsureServerProcessIsRunning -- launch failed, reason: Unity was launched with the -noUpm command-line argument
[Package Manager] UpmClient::Send -- Unable to send message (not connected to UPM process).
[Package Manager] Cannot connect to Unity Package Manager local server
- Finished resetting the current domain, in  1.304 seconds
Domain Reload Profiling: 1799ms
	BeginReloadAssembly (117ms)
		ExecutionOrderSort (0ms)
		DisableScriptedObjects (6ms)
		BackupInstance (0ms)
		ReleaseScriptingObjects (0ms)
		CreateAndSetChildDomain (36ms)
	RebuildCommonClasses (33ms)
	RebuildNativeTypeToScriptingClass (8ms)
	initialDomainReloadingComplete (28ms)
	LoadAllAssembliesAndSetupDomain (308ms)
		LoadAssemblies (317ms)
		RebuildTransferFunctionScriptingTraits (0ms)
		AnalyzeDomain (29ms)
			TypeCache.Refresh (11ms)
				TypeCache.ScanAssembly (0ms)
			ScanForSourceGeneratedMonoScriptInfo (11ms)
			ResolveRequiredComponents (7ms)
	FinalizeReload (1305ms)
		ReleaseScriptCaches (0ms)
		RebuildScriptCaches (0ms)
		SetupLoadedEditorAssemblies (377ms)
			LogAssemblyErrors (0ms)
			InitializePlatformSupportModulesInManaged (17ms)
			SetLoadedEditorAssemblies (6ms)
			RefreshPlugins (0ms)
			BeforeProcessingInitializeOnLoad (88ms)
			ProcessInitializeOnLoadAttributes (243ms)
			ProcessInitializeOnLoadMethodAttributes (20ms)
			AfterProcessingInitializeOnLoad (3ms)
			EditorAssembliesLoaded (0ms)
		ExecutionOrderSort2 (0ms)
		AwakeInstancesAfterBackupRestoration (6ms)
Refreshing native plugins compatible for Editor in 21.33 ms, found 0 plugins.
Preloading 0 native plugins for Editor in 0.00 ms.
Unloading 3264 Unused Serialized files (Serialized files now loaded: 0)
Unloading 26 unused Assets / (0.6 MB). Loaded Objects now: 3758.
Memory consumption went from 120.4 MB to 119.9 MB.
Total: 2.994972 ms (FindLiveObjects: 0.224021 ms CreateObjectMapping: 0.090726 ms MarkObjects: 2.388823 ms  DeleteObjects: 0.290158 ms)

Prepare: number of updated asset objects reloaded= 0
AssetImportParameters requested are different than current active one (requested -> active):
  custom:container-demuxer-ogg: 62fdf1f143b41e24485cea50d1cbac27 -> 
  custom:video-decoder-ogg-theora: a1e56fd34408186e4bbccfd4996cb3dc -> 
  custom:CustomObjectIndexerAttribute: 232f87dd983dbecb2a4e21e08eb2cef8 -> 
  custom:scripting/monoscript/fileName/RimCollider.cs: 671bdd8c46fcd37f14b42f764a79255d -> 
  custom:container-demuxer-webm: 4f35f7cbe854078d1ac9338744f61a02 -> 
  custom:container-muxer-webm: aa71ff27fc2769a1b78a27578f13a17b -> 
  custom:video-decoder-webm-vp8: 9c59270c3fd7afecdb556c50c9e8de78 -> 
  custom:scripting/monoscript/fileName/HoopTrigger.cs: 248a7314ff2318a010f7ac6453ea3f73 -> 
  custom:SearchIndexIgnoredProperties: e643bd26f0fe6173181afceb89e7c659 -> 
  custom:AudioImporter_EditorPlatform: 2f0ff77a95e0ac474e3e8eeba4e2f7cb -> 
  custom:scripting/monoscript/fileName/ScoreUI.cs: 35d3e23a2361e7355d660940fb1da1ff -> 
  custom:scripting/monoscript/fileName/LaunchController.cs: b2036dc9d545e44cab2be38663634ccc -> 2a30c0bc69bf302b76c2f86809109230
  custom:video-encoder-webm-vp8: eb34c28f22e8b96e1ab97ce403110664 -> 
  custom:audio-decoder-ogg-vorbis: bf7c407c2cedff20999df2af8eb42d56 -> 
  custom:audio-encoder-webm-vorbis: bf7c407c2cedff20999df2af8eb42d56 -> 
  custom:scripting/monoscript/fileName/ScoreManager.cs: 2117df56b7ba23abd331d761e713022a -> 
  custom:scripting/precompiled-assembly-types:Assembly-CSharp: 8734369c593a96b6aa43fe14814a3dd9 -> c395747882a88f8d4b13231df41cafc8
========================================================================
Received Import Request.
  Time since last request: 389.082359 seconds.
  path: Assets/Prefabs/Ball.prefab
  artifactKey: Guid(c62ab4a097aeb1f4ba2219afe80e5c10) Importer(815301076,1909f56bfc062723c751e8b465ee728b)
Start importing Assets/Prefabs/Ball.prefab using Guid(c62ab4a097aeb1f4ba2219afe80e5c10) Importer(815301076,1909f56bfc062723c751e8b465ee728b) [PhysX] Initialized MultithreadedTaskDispatcher with 8 workers.
[PhysX] Initialized MultithreadedTaskDispatcher with 8 workers.
 -> (artifact id: '32c1ca7e487f429389f52555d829d614') in 0.109280 seconds
Number of updated asset objects reloaded before import = 0
Number of asset objects unloaded after import = 32
========================================================================
Received Prepare
Caller must complete domain reload
Begin MonoManager ReloadAssembly
- Loaded All Assemblies, in  0.506 seconds
Native extension for LinuxStandalone target not found
Native extension for Android target not found
Native extension for WebGL target not found
Mono: successfully reloaded assembly
[Package Manager] Server::EnsureServerProcessIsRunning -- launch failed, reason: Unity was launched with the -noUpm command-line argument
[Package Manager] UpmClient::Send -- Unable to send message (not connected to UPM process).
[Package Manager] Cannot connect to Unity Package Manager local server
- Finished resetting the current domain, in  1.395 seconds
Domain Reload Profiling: 1889ms
	BeginReloadAssembly (116ms)
		ExecutionOrderSort (0ms)
		DisableScriptedObjects (6ms)
		BackupInstance (0ms)
		ReleaseScriptingObjects (0ms)
		CreateAndSetChildDomain (31ms)
	RebuildCommonClasses (29ms)
	RebuildNativeTypeToScriptingClass (7ms)
	initialDomainReloadingComplete (39ms)
	LoadAllAssembliesAndSetupDomain (303ms)
		LoadAssemblies (317ms)
		RebuildTransferFunctionScriptingTraits (0ms)
		AnalyzeDomain (30ms)
			TypeCache.Refresh (11ms)
				TypeCache.ScanAssembly (0ms)
			ScanForSourceGeneratedMonoScriptInfo (11ms)
			ResolveRequiredComponents (7ms)
	FinalizeReload (1396ms)
		ReleaseScriptCaches (0ms)
		RebuildScriptCaches (0ms)
		SetupLoadedEditorAssemblies (447ms)
			LogAssemblyErrors (0ms)
			InitializePlatformSupportModulesInManaged (23ms)
			SetLoadedEditorAssemblies (8ms)
			RefreshPlugins (0ms)
			BeforeProcessingInitializeOnLoad (118ms)
			ProcessInitializeOnLoadAttributes (274ms)
			ProcessInitializeOnLoadMethodAttributes (21ms)
			AfterProcessingInitializeOnLoad (3ms)
			EditorAssembliesLoaded (0ms)
		ExecutionOrderSort2 (0ms)
		AwakeInstancesAfterBackupRestoration (4ms)
Refreshing native plugins compatible for Editor in 20.51 ms, found 0 plugins.
Preloading 0 native plugins for Editor in 0.00 ms.
Unloading 3263 Unused Serialized files (Serialized files now loaded: 0)
Unloading 26 unused Assets / (0.6 MB). Loaded Objects now: 3769.
Memory consumption went from 122.4 MB to 121.8 MB.
Total: 3.435207 ms (FindLiveObjects: 0.301705 ms CreateObjectMapping: 0.164764 ms MarkObjects: 2.667303 ms  DeleteObjects: 0.299557 ms)

Prepare: number of updated asset objects reloaded= 0
AssetImportParameters requested are different than current active one (requested -> active):
  custom:container-demuxer-ogg: 62fdf1f143b41e24485cea50d1cbac27 -> 
  custom:video-decoder-ogg-theora: a1e56fd34408186e4bbccfd4996cb3dc -> 
  custom:CustomObjectIndexerAttribute: 232f87dd983dbecb2a4e21e08eb2cef8 -> 
  custom:scripting/monoscript/fileName/RimCollider.cs: 671bdd8c46fcd37f14b42f764a79255d -> 
  custom:container-demuxer-webm: 4f35f7cbe854078d1ac9338744f61a02 -> 
  custom:container-muxer-webm: aa71ff27fc2769a1b78a27578f13a17b -> 
  custom:video-decoder-webm-vp8: 9c59270c3fd7afecdb556c50c9e8de78 -> 
  custom:scripting/monoscript/fileName/HoopTrigger.cs: 248a7314ff2318a010f7ac6453ea3f73 -> 
  custom:SearchIndexIgnoredProperties: e643bd26f0fe6173181afceb89e7c659 -> 
  custom:AudioImporter_EditorPlatform: 2f0ff77a95e0ac474e3e8eeba4e2f7cb -> 
  custom:scripting/monoscript/fileName/ScoreUI.cs: 35d3e23a2361e7355d660940fb1da1ff -> 
  custom:scripting/monoscript/fileName/LaunchController.cs: b2036dc9d545e44cab2be38663634ccc -> 2a30c0bc69bf302b76c2f86809109230
  custom:video-encoder-webm-vp8: eb34c28f22e8b96e1ab97ce403110664 -> 
  custom:audio-decoder-ogg-vorbis: bf7c407c2cedff20999df2af8eb42d56 -> 
  custom:audio-encoder-webm-vorbis: bf7c407c2cedff20999df2af8eb42d56 -> 
  custom:scripting/monoscript/fileName/ScoreManager.cs: 2117df56b7ba23abd331d761e713022a -> 
  custom:scripting/precompiled-assembly-types:Assembly-CSharp: 8734369c593a96b6aa43fe14814a3dd9 -> c395747882a88f8d4b13231df41cafc8
